Day,P2P Buying Price (Rs),BTC Rate (USD),USD to LKR Price,BTC vs LKR,P2P Premium
2021-01-01,,28924.11397,186.0,5379885.198419999,
2021-01-02,,29338.24401,186.0,5456913.38586,
2021-01-03,,32180.0194,186.0,5985483.6084,
2021-01-04,,33002.97284,186.0,6138552.948240001,
2021-01-05,,31994.37607,187.5,5998945.513125,
2021-01-06,,33953.20331,187.5,6366225.6206249995,
2021-01-07,,36765.46408,187.0,6875141.7829599995,
2021-01-08,,39433.04761,187.0,7373979.90307,
2021-01-09,,40583.16319,187.0,7589051.51653,
2021-01-10,,40091.57322,187.0,7497124.19214,
2021-01-11,,38157.38837,188.0,7173589.01356,
2021-01-12,,35413.2824,189.0,6693110.3736,
2021-01-13,,34052.98038,191.5,6521145.74277,
2021-01-14,,37371.49907,191.5,7156642.071904999,
2021-01-15,,39156.75443,192.5,7537675.227775,
2021-01-16,,36746.85542,192.5,7073769.66835,
2021-01-17,,35996.66619,192.5,6929358.241575001,
2021-01-18,,35831.61139,192.0,6879669.386879999,
2021-01-19,,36627.68186,192.0,7032514.917119999,
2021-01-20,,35894.48988,195.0,6999425.5266,
2021-01-21,,35474.44876,195.5,6935254.73258,
2021-01-22,,30849.80792,197.0,6077412.16024,
2021-01-23,,32953.76796,197.0,6491892.28812,
2021-01-24,,32082.75378,197.0,6320302.494659999,
2021-01-25,,32259.17494,197.0,6355057.46318,
2021-01-26,,32260.74015,195.0,6290844.32925,
2021-01-27,,32473.21726,192.25,6242976.018235,
2021-01-28,,30365.42756,192.25,5837753.44841,
2021-01-29,,33375.94776,190.5,6358118.048280001,
2021-01-30,,34246.78902,190.5,6524013.308309999,
2021-01-31,,34264.64001,190.5,6527413.921905001,
2021-02-01,,33097.50149,193.5,6404366.538315,
2021-02-02,,33519.69585,193.5,6486061.146974999,
2021-02-03,,35465.31231,193.0,6844805.275830001,
2021-02-04,,37618.85928,193.0,7260439.841039999,
2021-02-05,,36938.74815,193.0,7129178.39295,
2021-02-06,,38294.60994,193.0,7390859.718420001,
2021-02-07,,39201.38312,193.0,7565866.94216,
2021-02-08,,38803.90752,194.5,7547360.01264,
2021-02-09,,46368.3588,195.0,9041829.966,
2021-02-10,,46428.74072,196.5,9123247.55148,
2021-02-11,,44812.78716,193.5,8671274.31546,
2021-02-12,,47974.21494,193.5,9283010.59089,
2021-02-13,,47334.54468,193.5,9159234.39558,
2021-02-14,,47153.37312,193.5,9124177.698719999,
2021-02-15,,48599.35107,194.0,9428274.107579999,
2021-02-16,,47910.20076,195.0,9342489.1482,
2021-02-17,,49139.56475,195.5,9606784.908625,
2021-02-18,,52118.50812,196.25,10228257.21855,
2021-02-19,,51565.19887,195.0,10055213.77965,
2021-02-20,,55904.83568,195.0,10901442.9576,
2021-02-21,,55849.62206,195.0,10890676.3017,
2021-02-22,,57432.3125,193.0,11084436.3125,
2021-02-23,,54116.40516,193.0,10444466.19588,
2021-02-24,,48892.67782,193.5,9460733.15817,
2021-02-25,,49683.04746,194.0,9638511.20724,
2021-02-26,,47072.32048,194.0,9132030.173120001,
2021-02-27,,46299.6273,194.0,8982127.6962,
2021-02-28,,46114.94086,194.0,8946298.526840001,
2021-03-01,,45130.76458,194.0,8755368.32852,
2021-03-02,,49588.68587,195.0,9669793.74465,
2021-03-03,,48446.05515,195.0,9446980.75425,
2021-03-04,,50350.5075,195.0,9818348.9625,
2021-03-05,,48370.36867,195.5,9456407.074985001,
2021-03-06,,48734.47032,195.5,9527588.94756,
2021-03-07,,48884.38421,195.5,9556897.113055,
2021-03-08,,50970.98332,195.5,9964827.23906,
2021-03-09,,52375.27371,196.0,10265553.647160001,
2021-03-10,,54884.83012,196.0,10757426.70352,
2021-03-11,,55845.63805,196.0,10945745.0578,
2021-03-12,,57775.242,196.0,11323947.432,
2021-03-13,,57231.1939,196.0,11217314.0044,
2021-03-14,,61185.7661,196.0,11992410.1556,
2021-03-15,,58987.48929,197.5,11650029.134775,
2021-03-16,,55606.34483,198.0,11010056.27634,
2021-03-17,,56907.87103,199.5,11353120.270485,
2021-03-18,,58907.90649,197.0,11604857.57853,
2021-03-19,,57648.97672,197.0,11356848.41384,
2021-03-20,,58033.87745,197.0,11432673.85765,
2021-03-21,,58108.50647,197.0,11447375.77459,
2021-03-22,,58105.57929,197.5,11475851.909775,
2021-03-23,,54080.82947,198.0,10708004.235059999,
2021-03-24,,54345.49087,198.5,10787579.937695,
2021-03-25,,54345.85021,198.0,10760478.34158,
2021-03-26,,54345.85021,198.5,10787651.266685,
2021-03-27,,55032.62487,198.5,10923976.036695,
2021-03-28,,55054.52144,198.5,10928322.50584,
2021-03-29,,55780.87186,198.5,11072503.06421,
2021-03-30,,57623.50203,198.5,11438265.152955001,
2021-03-31,,58743.29209,198.5,11660543.479865,
2021-04-01,,58755.3778,199.0,11692320.1822,
2021-04-02,,58724.79513,199.0,11686234.23087,
2021-04-03,,58955.70701,199.0,11732185.69499,
2021-04-04,,57311.33998,199.0,11404956.656019999,
2021-04-05,,58199.79665,199.0,11581759.53335,
2021-04-06,,59127.43351,199.5,11795922.985245,
2021-04-07,,57990.34454,200.0,11598068.908,
2021-04-08,,55954.01786,200.5,11218780.58093,
2021-04-09,,58084.34637,200.75,11660432.5337775,
2021-04-10,,58136.43775,200.75,11670889.8783125,
2021-04-11,,59764.09462,200.75,11997641.994965,
2021-04-12,,60000.85535,201.0,12060171.92535,
2021-04-13,,59860.35375,201.0,12031931.10375,
2021-04-14,,63577.74187,201.0,12779126.115869999,
2021-04-15,,62966.87981,200.0,12593375.962,
2021-04-16,,63163.45151,192.0,12127382.68992,
2021-04-17,,61335.66772,192.0,11776448.20224,
2021-04-18,,60004.71326,192.0,11520904.94592,
2021-04-19,,56160.20076,190.0,10670438.1444,
2021-04-20,,55634.2235,190.0,10570502.465,
2021-04-21,,56396.43102,191.0,10771718.32482,
2021-04-22,,53789.60994,193.0,10381394.71842,
2021-04-23,,51690.83353,194.5,10053867.121585,
2021-04-24,,51124.59007,194.5,9943732.768615,
2021-04-25,,50045.03817,194.5,9733759.924065,
2021-04-26,,49069.85911,194.5,9544087.596895,
2021-04-27,,54003.53581,194.0,10476685.94714,
2021-04-28,,55019.30678,194.0,10673745.51532,
2021-04-29,,54847.21161,196.0,10750053.47556,
2021-04-30,,53555.33058,197.0,10550400.12426,
2021-05-01,,57694.15976,197.0,11365749.47272,
2021-05-02,,57799.10471,197.0,11386423.627869999,
2021-05-03,,56576.40306,196.0,11088974.99976,
2021-05-04,,57166.0547,196.0,11204546.7212,
2021-05-05,,53206.22121,196.0,10428419.35716,
2021-05-06,,57441.26391,196.0,11258487.72636,
2021-05-07,,56397.43742,196.0,11053897.73432,
2021-05-08,,57313.9483,196.0,11233533.866799999,
2021-05-09,,58862.66223,196.0,11537081.79708,
2021-05-10,,58248.20431,196.0,11416648.04476,
2021-05-11,,55812.51647,195.5,10911346.969885001,
2021-05-12,,56676.89113,195.5,11080332.215915,
2021-05-16,,48518.92006,196.0,9509708.331759999,
2021-05-17,,46426.42874,196.0,9099580.03304,
2021-05-18,,43550.65473,196.0,8535928.32708,
2021-05-19,,42864.46564,196.0,8401435.26544,
2021-05-20,,36683.42478,196.0,7189951.25688,
2021-05-21,,40534.7362,196.0,7944808.2952,
2021-05-22,,37262.31105,196.0,7303412.965799999,
2021-05-23,,37449.9699,196.0,7340194.100399999,
2021-05-24,,34671.54849,196.0,6795623.50404,
2021-05-25,,38797.10712,197.5,7662428.6562,
2021-05-26,,38331.89025,197.5,7570548.324374999,
2021-05-27,,39240.96402,197.5,7750090.3939499995,
2021-05-28,,38525.34272,197.5,7608755.1872000005,
2021-05-29,,35665.84742,197.5,7044004.865449999,
2021-05-30,,34605.11634,197.5,6834510.47715,
2021-05-31,,35642.78721,197.0,7021629.080370001,
2021-06-01,,37254.23681,196.5,7320457.533165,
2021-06-02,,36691.52112,197.0,7228229.660639999,
2021-06-03,,37569.90164,197.0,7401270.623079999,
2021-06-04,,39241.67097,197.0,7730609.18109,
2021-06-05,,36832.70989,197.0,7256043.8483299995,
2021-06-06,,35515.80556,197.0,6996613.69532,
2021-06-07,,35798.49863,196.5,7034404.980795001,
2021-06-08,,33566.22356,197.0,6612546.04132,
2021-06-09,,33379.2844,197.5,6592408.669,
2021-06-10,,37357.04154,197.5,7378015.70415,
2021-06-11,,36700.95458,197.0,7230088.052259999,
2021-06-12,,37270.19789,197.0,7342228.98433,
2021-06-13,,35597.16711,197.0,7012641.920670001,
2021-06-14,,39124.89011,197.0,7707603.35167,
2021-06-15,,40474.4646,197.0,7973469.5262,
2021-06-16,,40083.13776,197.5,7916419.707599999,
2021-06-17,,38394.08493,197.0,7563634.73121,
2021-06-18,,38019.30934,198.0,7527823.24932,
2021-06-19,,35758.91089,198.0,7080264.3562199995,
2021-06-20,,35494.03203,198.0,7027818.341940001,
2021-06-21,,35577.36377,198.0,7044318.02646,
2021-06-22,,31690.28389,198.0,6274676.21022,
2021-06-23,,32486.01015,198.5,6448473.014775,
2021-06-24,,33665.81023,198.5,6682663.330655,
2021-06-25,,34694.032,198.5,6886765.352,
2021-06-26,,31692.92822,198.5,6291046.25167,
2021-06-27,,32272.9244,198.5,6406175.4934,
2021-06-28,,34582.13678,198.5,6864554.15083,
2021-06-29,,34535.05007,199.0,6872474.96393,
2021-06-30,,35925.55993,199.0,7149186.426070001,
2021-07-01,,35044.89722,199.0,6973934.5467799995,
2021-07-02,,33510.45876,199.0,6668581.2932400005,
2021-07-03,,33790.42825,199.0,6724295.22175,
2021-07-04,,34671.17615,199.0,6899564.05385,
2021-07-05,,35286.53323,198.5,7004376.846155,
2021-07-06,,33690.66314,198.5,6687596.633289999,
2021-07-07,,34224.60763,198.5,6793584.614554999,
2021-07-08,,33862.98944,198.5,6721803.40384,
2021-07-09,,32874.18206,198.7,6532099.975322,
2021-07-10,,33820.46721,198.7,6720126.834627,
2021-07-11,,33512.33129,198.7,6658900.227323,
2021-07-12,,34250.67348,199.0,6815884.022519999,
2021-07-13,,33089.10762,199.0,6584732.41638,
2021-07-14,,32728.90132,198.5,6496686.912020001,
2021-07-15,,32819.50734,198.5,6514672.206989999,
2021-07-16,,31876.93732,199.0,6343510.52668,
2021-07-17,,31384.47221,199.0,6245509.96979,
2021-07-18,,31519.25816,199.0,6272332.3738400005,
2021-07-19,,31779.08829,199.5,6339928.113855,
2021-07-20,,30838.33082,199.0,6136827.83318,
2021-07-21,,29790.68915,199.0,5928347.14085,
2021-07-22,,32140.63758,199.0,6395986.87842,
2021-07-23,,32288.50516,199.0,6425412.52684,
2021-07-24,,33633.61177,199.0,6693088.742230001,
2021-07-25,,34257.85032,199.0,6817312.213679999,
2021-07-26,,35382.83879,199.0,7041184.91921,
2021-07-27,,37243.47703,198.5,7392830.190455,
2021-07-28,,39460.19884,198.5,7832849.46974,
2021-07-29,,40019.32061,199.0,7963844.801390001,
2021-07-30,,40020.94718,199.0,7964168.488820001,
2021-07-31,,42210.83558,199.0,8399956.28042,
2021-08-01,,41460.2055,199.0,8250580.8944999995,
2021-08-02,,39846.78892,199.0,7929510.99508,
2021-08-03,,39145.68314,199.0,7789990.94486,
2021-08-04,,38205.00248,199.0,7602795.493520001,
2021-08-05,,39727.55989,199.0,7905784.418109999,
2021-08-06,,40865.93581,199.0,8132321.226190001,
2021-08-07,,42839.84127,199.0,8525128.412729999,
2021-08-08,,44575.88021,199.0,8870600.16179,
2021-08-09,,43824.48628,199.0,8721072.76972,
2021-08-10,,46260.83583,199.0,9205906.33017,
2021-08-11,,45583.78772,199.0,9071173.75628,
2021-08-12,,45512.49498,199.0,9056986.501020001,
2021-08-13,,44404.85267,199.5,8858768.107665,
2021-08-14,,47805.45891,199.5,9537189.052545,
2021-08-15,,47070.50505,199.5,9390565.757475,
2021-08-16,,46978.35399,199.0,9348692.44401,
2021-08-17,,45900.43726,199.0,9134187.01474,
2021-08-18,,44688.77215,199.0,8893065.65785,
2021-08-19,,44704.45157,199.0,8896185.862429999,
2021-08-20,,46761.45063,199.0,9305528.67537,
2021-08-21,,49321.89382,199.0,9815056.87018,
2021-08-22,,48822.8194,199.0,9715741.0606,
2021-08-23,,49243.29432,199.5,9824037.21684,
2021-08-24,,49495.04854,199.0,9849514.65946,
2021-08-25,,47677.63329,199.0,9487849.02471,
2021-08-26,,48976.91322,200.0,9795382.644000001,
2021-08-27,,46839.66909,200.0,9367933.818,
2021-08-28,,49046.77708,200.0,9809355.416,
2021-08-29,,48894.08817,200.0,9778817.634,
2021-08-30,,48765.095,199.5,9728636.4525,
2021-08-31,,46980.73449,199.0,9349166.16351,
2021-09-01,,47123.73632,199.0,9377623.52768,
2021-09-02,,48817.20551,199.0,9714623.89649,
2021-09-03,,49251.50479,200.0,9850300.958,
2021-09-04,,49999.36504,200.0,9999873.008,
2021-09-05,,49912.76398,200.0,9982552.796,
2021-09-06,,51760.77295,200.0,10352154.59,
2021-09-07,,52667.62919,200.5,10559859.652595,
2021-09-08,,46859.30947,199.0,9325002.58453,
2021-09-09,,46052.90452,199.5,9187554.451739999,
2021-09-10,,46391.08634,200.0,9278217.268000001,
2021-09-11,,44851.07079,200.0,8970214.158,
2021-09-12,,45169.26653,200.0,9033853.306,
2021-09-13,,46024.76423,199.0,9158928.081770001,
2021-09-14,,44939.89566,199.0,8943039.236340001,
2021-09-15,,47113.19178,199.0,9375525.16422,
2021-09-16,,48124.77426,199.0,9576830.07774,
2021-09-17,,47741.79029,199.0,9500616.26771,
2021-09-18,,47296.28221,199.0,9411960.15979,
2021-09-19,,48297.72775,199.0,9611247.82225,
2021-09-20,,47243.68367,199.0,9401493.05033,
2021-09-21,,43019.58553,199.0,8560897.520469999,
2021-09-22,,40724.73207,199.0,8104221.68193,
2021-09-23,,43548.3269,199.5,8687891.21655,
2021-09-24,,44865.0213,199.0,8928139.2387,
2021-09-25,,42810.6817,199.0,8519325.6583,
2021-09-26,,42674.86002,199.0,8492297.14398,
2021-09-27,,43163.67595,199.0,8589571.51405,
2021-09-28,,42151.25289,199.0,8388099.325110001,
2021-09-29,,41025.49704,199.0,8164073.91096,
2021-09-30,,41526.56284,199.0,8263786.00516,
2021-10-01,,43822.2778,199.0,8720633.282200001,
2021-10-02,,48141.50248,199.0,9580158.993520001,
2021-10-03,,47637.08456,199.0,9479779.827440001,
2021-10-04,,48202.61748,199.0,9592320.87852,
2021-10-05,,49224.23308,199.5,9820234.49946,
2021-10-06,,51468.65052,199.5,10267995.77874,
2021-10-07,,55315.57146,199.0,11007798.72054,
2021-10-08,,53782.1653,199.0,10702650.8947,
2021-10-09,,53949.05916,199.0,10735862.772839999,
2021-10-10,,54950.91852,199.0,10935232.78548,
2021-10-11,,54661.2979,200.0,10932259.58,
2021-10-12,,57471.97423,200.0,11494394.846,
2021-10-13,,56010.86942,201.0,11258184.75342,
2021-10-14,,57367.56304,201.0,11530880.17104,
2021-10-15,,57348.2661,201.0,11527001.4861,
2021-10-16,,61682.10531,201.0,12398103.16731,
2021-10-17,,60876.08979,201.0,12236094.04779,
2021-10-18,,61524.76321,200.0,12304952.641999999,
2021-10-19,,62014.23857,200.0,12402847.714,
2021-10-20,,64332.74762,200.0,12866549.524,
2021-10-21,,65993.21286,200.0,13198642.572,
2021-10-22,,62152.71739,200.0,12430543.478,
2021-10-23,,60676.84966,200.0,12135369.932,
2021-10-24,,61298.44887,200.0,12259689.774,
2021-10-25,,60892.85879,200.0,12178571.758,
2021-10-26,,63113.66438,202.5,12780517.03695,
2021-10-27,,60337.84232,201.0,12127906.30632,
2021-10-28,,58469.43259,201.0,11752355.95059,
2021-10-29,,60562.64948,200.0,12112529.896,
2021-10-30,,62284.3213,200.0,12456864.26,
2021-10-31,,62030.51985,200.0,12406103.969999999,
2021-11-01,,61300.11634,201.0,12321323.38434,
2021-11-02,,60911.03829,201.0,12243118.69629,
2021-11-03,,63218.14944,200.0,12643629.888,
2021-11-04,,62898.41257,200.0,12579682.514,
2021-11-05,,61400.13238,200.0,12280026.476,
2021-11-06,,60943.9476,200.0,12188789.52,
2021-11-07,,61468.42312,200.0,12293684.624,
2021-11-08,,63268.36171,200.0,12653672.342,
2021-11-09,,67524.04962,200.0,13504809.924,
2021-11-10,,66944.30336,201.0,13455804.97536,
2021-11-11,,64881.99709,201.0,13041281.41509,
2021-11-12,,64779.79294,201.0,13020738.38094,
2021-11-13,,64127.41951,201.0,12889611.32151,
2021-11-14,,64419.22921,201.0,12948265.071209999,
2021-11-15,,65509.40652,201.0,13167390.71052,
2021-11-16,238.5,63609.24136,201.0,12785457.51336,37.5
2021-11-17,239.78,,201.0,,38.78
2021-11-18,239.9,,201.0,,38.900000000000006
2021-11-19,241.49,,201.0,,40.49000000000001
2021-11-20,241.7,58798.08285,201.0,11818414.65285,40.69999999999999
2021-11-21,241.0,59709.72505,201.0,12001654.73505,40.0
2021-11-22,240.83,58614.65437,202.5,11869467.509924999,38.33000000000001
2021-11-23,241.75,56247.11822,202.5,11390041.43955,39.25
2021-11-24,241.84,57544.67538,202.5,11652796.76445,39.34
2021-11-25,241.79,57140.99515,202.0,11542481.0203,39.78999999999999
2021-11-26,245.95,58957.04419,202.0,11909322.926380001,43.94999999999999
2021-11-27,246.2,53727.92527,202.0,10853040.90454,44.19999999999999
2021-11-28,245.45,54726.31847,202.0,11054716.330939999,43.44999999999999
2021-11-29,244.48,57277.45209,202.5,11598684.048225,41.97999999999999
2021-11-30,243.44,57774.68827,202.5,11699374.374675,40.94
2021-12-01,243.0,56943.5734,201.0,11445658.2534,42.0
2021-12-02,243.99,57182.42594,202.0,11550850.03988,41.99000000000001
2021-12-03,244.0,56481.88969,201.0,11352859.827690002,43.0
2021-12-04,269.0,,201.0,,68.0
2021-12-05,251.0,,201.0,,50.0
2021-12-06,253.0,,202.5,,50.5
2021-12-07,250.0,51413.93415,202.5,10411321.665375,47.5
2021-12-08,249.4,50587.30753,202.75,10256576.6017075,46.650000000000006
2021-12-09,248.3,50469.28219,202.0,10194795.00238,46.30000000000001
2021-12-10,248.0,47619.58946,202.0,9619157.07092,46.0
2021-12-11,247.97,47240.80275,202.0,9542642.1555,45.97
2021-12-12,247.09,49401.90487,202.0,9979184.783739999,45.09
2021-12-13,246.01,50035.88619,201.0,10057213.124189999,45.00999999999999
2021-12-14,247.2,46617.69025,202.0,9416773.4305,45.19999999999999
2021-12-15,248.5,48320.19719,201.0,9712359.635189999,47.5
2021-12-16,246.74,48865.22627,201.0,9821910.48027,45.74000000000001
2021-12-17,247.48,47606.79667,201.0,9568966.13067,46.47999999999999
2021-12-18,247.8,,201.0,,46.80000000000001
2021-12-19,247.95,47399.13917,201.0,9527226.973170001,46.94999999999999
2021-12-20,247.95,46676.06461,202.0,9428565.05122,45.94999999999999
2021-12-21,247.0,46951.536,202.0,9484210.272,45.0
2021-12-22,246.84,48945.21615,202.0,9886933.6623,44.84
2021-12-23,247.0,48633.66358,202.0,9824000.04316,45.0
2021-12-24,247.15,50818.72412,202.0,10265382.27224,45.150000000000006
2021-12-25,247.0,50786.56645,202.0,10258886.4229,45.0
2021-12-26,246.95,50369.70832,202.0,10174681.08064,44.94999999999999
2021-12-27,246.5,50815.13439,202.5,10290064.713975,44.0
2021-12-28,247.0,50645.96488,202.75,10268469.37942,44.25
2021-12-29,250.0,47593.84116,202.5,9637752.834900001,47.5
2021-12-30,248.39,46530.60196,202.75,9434079.54739,45.639999999999986
2021-12-31,248.38,47096.5311,202.75,9548821.680525,45.629999999999995
2022-01-01,246.5,,202.75,,43.75
2022-01-02,246.5,47091.9663,202.75,9547896.167325,43.75
2022-01-03,246.99,47288.78564,202.75,9587801.28851,44.24000000000001
2022-01-04,247.45,46448.57831,202.75,9417449.2523525,44.69999999999999
2022-01-05,249.29,45830.03449,201.0,9211836.93249,48.28999999999999
2022-01-06,253.45,43446.82493,201.0,8732811.81093,52.44999999999999
2022-01-07,254.38,43088.6632,202.75,8736226.4638,51.629999999999995
2022-01-08,254.1,41562.09149,202.75,8426714.0495975,51.349999999999994
2022-01-09,252.95,41680.77201,202.75,8450776.5250275,50.19999999999999
2022-01-10,252.69,41866.46132,202.75,8488425.03263,49.94
2022-01-11,252.75,41825.90878,202.75,8480203.005145,50.0
2022-01-12,252.64,42730.41947,202.75,8663592.5475425,49.889999999999986
2022-01-13,253.75,43905.06175,202.75,8901751.2698125,51.0
2022-01-14,254.0,42563.76389,202.75,8629803.1286975,51.25
2022-01-15,252.9,,202.75,,50.150000000000006
2022-01-16,252.6,43061.65025,202.75,8730749.588187499,49.849999999999994
2022-01-17,251.99,43071.66022,202.75,8732779.109605,49.24000000000001
2022-01-18,254.4,42204.79764,201.56,8506799.012318399,52.84
2022-01-19,254.48,42351.50045,202.55,8578296.4161475,51.92999999999998
2022-01-20,254.96,41663.08918,201.84,8409277.9200912,53.120000000000005
2022-01-21,263.99,40682.51337,202.0,8217867.70074,61.99000000000001
2022-01-22,269.88,36452.18764,202.0,7363341.903279999,67.88
2022-01-23,266.5,35101.34259,202.0,7090471.20318,64.5
2022-01-24,267.3,36206.00487,201.905,7310173.413277349,65.39500000000001
2022-01-25,262.29,36621.62612,201.915,7394455.6380198,60.37500000000003
2022-01-26,259.65,36962.29293,201.91,7463056.5654963,57.73999999999998
2022-01-27,258.0,36799.18392,201.0,7396635.967920001,57.0
2022-01-28,258.0,37118.22832,201.0,7460763.892320001,57.0
2022-01-29,257.06,37655.04145,201.0,7568663.3314499995,56.06
2022-01-30,254.75,38141.98864,201.0,7666539.71664,53.75
2022-01-31,252.75,37903.93241,201.2,7626271.2008919995,51.55000000000001
2022-02-01,253.0,38409.12076,201.28,7730987.8265728,51.72
2022-02-02,253.95,38722.34162,201.83,7815330.2091646,52.119999999999976
2022-02-03,254.5,36889.73132,201.98,7450987.932013599,52.52000000000001
2022-02-04,254.28,37230.73848,201.98,7519864.5581904,52.30000000000001
2022-02-05,252.74,41518.45091,201.98,8385896.7148017995,50.76000000000002
2022-02-06,250.98,41424.79437,201.98,8366979.966852601,49.0
2022-02-07,249.99,42466.07025,201.63,8562433.744507499,48.360000000000014
2022-02-08,249.8,43871.89992,200.52,8797193.371958401,49.28
2022-02-09,249.8,44106.05787,201.865,8903469.37192755,47.935
2022-02-10,249.8,44359.07149,201.99,8960088.8502651,47.81
2022-02-11,249.8,43452.58106,202.0,8777421.374119999,47.80000000000001
2022-02-12,249.8,42376.76576,202.0,8560106.68352,47.80000000000001
2022-02-13,249.8,42196.37145,202.0,8523667.0329,47.80000000000001
2022-02-14,249.8,42084.67781,201.8,8492687.982058,48.0
2022-02-15,249.8,42561.27008,201.48,8575244.6957184,48.32000000000002
2022-02-16,249.8,44439.72361,202.205,8985934.31256005,47.595
2022-02-17,249.8,43873.79957,201.42,8837060.7093894,48.380000000000024
2022-02-18,249.8,40531.73952,202.0,8187411.383040001,47.80000000000001
2022-02-19,249.8,39985.06375,202.0,8076982.8775,47.80000000000001
2022-02-20,249.8,40073.49013,202.0,8094845.006259999,47.80000000000001
2022-02-21,249.8,38409.58017,201.88,7754126.0447196,47.920000000000016
2022-02-22,249.8,37059.31758,202.5,7504511.809950001,47.30000000000001
2022-02-23,249.8,38242.66449,202.0,7725018.226980001,47.80000000000001
2022-02-24,249.8,37219.48702,201.36,7494515.9063472,48.44
2022-02-25,249.8,38357.03959,202.0,7748121.99718,47.80000000000001
2022-02-26,249.8,39201.56247,202.0,7918715.6189399995,47.80000000000001
2022-02-27,249.8,39116.12753,202.0,7901457.7610599995,47.80000000000001
2022-02-28,249.8,37687.80651,200.92,7572234.0839892,48.880000000000024
2022-03-01,249.8,43170.19145,201.735,8708938.57216575,48.065
2022-03-02,249.8,44420.00855,201.74,8961292.524877,48.06
2022-03-03,249.8,43898.28002,202.0,8867452.56404,47.80000000000001
2022-03-04,249.8,42457.06718,200.0,8491413.435999999,49.80000000000001
2022-03-05,249.8,39146.88088,200.0,7829376.175999999,49.80000000000001
2022-03-06,251.31,39396.93521,200.0,7879387.042,51.31
2022-03-07,275.0,38417.8717,201.865,7755223.670720501,73.13499999999999
2022-03-08,258.0,37991.79168,227.495,8642942.6482416,30.504999999999995
2022-03-09,256.7,,227.35,,29.349999999999994
2022-03-10,279.5,,254.855,,24.64500000000001
2022-03-11,276.87,,255.0,,21.870000000000005
2022-03-12,285.3,,255.0,,30.30000000000001
2022-03-13,280.93,,255.0,,25.930000000000007
2022-03-14,285.0,,255.0,,30.0
2022-03-15,304.4,39034.00288,272.5,10636765.7848,31.899999999999977
2022-03-16,306.5,39280.7468,265.0,10409397.902,41.5
2022-03-17,307.99,41116.11679,264.495,10875007.31037105,43.495000000000005
2022-03-18,307.0,40920.77935,277.5,11355516.269624999,29.5
2022-03-19,308.61,41757.49615,277.5,11587705.181625,31.110000000000014
2022-03-20,308.5,42202.85921,277.5,11711293.430775,31.0
2022-03-21,310.94,41261.98301,280.0,11553355.242800001,30.939999999999998
2022-03-22,311.37,41003.05598,285.0,11685870.9543,26.370000000000005
2022-03-23,319.4,42363.45184,282.5,11967675.1448,36.89999999999998
2022-03-24,323.0,42883.40966,287.5,12328980.27725,35.5
2022-03-25,337.69,43954.54331,292.5,12856703.918175,45.19
2022-03-26,359.0,44335.85268,292.5,12968236.9089,66.5
2022-03-27,362.29,44517.5312,292.5,13021377.876,69.79000000000002
2022-03-28,360.0,46797.37417,289.995,13571004.522429151,70.005
2022-03-29,389.99,47175.1229,293.5,13845898.571150001,96.49000000000001
2022-03-30,407.5,47406.40053,296.0,14032294.55688,111.5
2022-03-31,396.85,47007.62606,294.0,13820242.06164,102.85000000000002
2022-04-01,394.45,45512.76895,294.5,13403510.455775,99.94999999999999
2022-04-02,392.8,46282.10674,294.5,13630080.43493,98.30000000000001
2022-04-03,383.29,45809.54491,294.5,13490910.975994999,88.79000000000002
2022-04-04,379.74,46409.14063,297.375,13800918.19484625,82.36500000000001
2022-04-05,374.5,46583.73661,297.375,13852838.67439875,77.125
2022-04-06,359.75,45497.54104,305.0,13876750.017199999,54.75
2022-04-07,366.99,43170.48432,315.0,13598702.560800001,51.99000000000001
2022-04-08,374.7,43445.39765,315.0,13685300.25975,59.69999999999999
2022-04-09,369.5,42256.96411,315.0,13310943.69465,54.5
2022-04-10,366.25,42752.96345,315.0,13467183.486750001,51.25
2022-04-11,364.0,42154.06629,322.5,13594686.378525,41.5
2022-04-12,367.95,39527.42817,322.5,12747595.584825,45.44999999999999
2022-04-13,373.2,,322.285,,50.914999999999964
2022-04-14,375.99,,322.285,,53.704999999999984
2022-04-15,374.94,,322.285,,52.65499999999997
2022-04-16,384.9,40145.40056,322.285,12938260.419479601,62.61499999999995
2022-04-17,381.8,40380.24314,322.285,13013946.6603749,59.514999999999986
2022-04-18,384.49,39678.34008,327.5,12994656.3762,56.99000000000001
2022-04-19,382.95,40801.46106,335.0,13668489.4551,47.94999999999999
2022-04-20,382.48,41492.80889,335.0,13900090.97815,47.48000000000002
2022-04-21,381.4,41360.50153,335.0,13855768.01255,46.39999999999998
2022-04-22,379.92,40479.10937,335.0,13560501.63895,44.920000000000016
2022-04-23,379.5,39710.67882,335.0,13303077.4047,44.5
2022-04-24,379.39,39439.49611,335.0,13212231.19685,44.389999999999986
2022-04-25,380.5,39452.46658,335.0,13216576.3043,45.5
2022-04-26,382.8,40429.36894,340.0,13745985.4396,42.80000000000001
2022-04-27,385.3,38120.40348,354.99,13532362.0313652,30.310000000000002
2022-04-28,385.5,39234.70494,350.0,13732146.729,35.5
2022-04-29,389.99,39743.82631,355.0,14109058.340049999,34.99000000000001
2022-04-30,392.4,38595.54641,355.0,13701418.975550001,37.39999999999998
2022-05-01,392.99,37631.1322,355.0,13359051.931,37.99000000000001
2022-05-02,391.5,38468.78518,354.29,13629105.9014222,37.20999999999998
2022-05-03,391.39,38523.80982,354.28,13648215.3430296,37.110000000000014
2022-05-04,390.98,37730.37177,352.5,13299956.048925,38.48000000000002
2022-05-05,396.0,39691.03298,370.0,14685682.2026,26.0
2022-05-06,401.62,36550.41847,360.0,13158150.649199998,41.620000000000005
2022-05-07,403.5,36013.42686,360.0,12964833.6696,43.5
2022-05-08,406.75,35470.93917,360.0,12769538.1012,46.75
2022-05-09,424.2,34040.88486,365.0,12424922.9739,59.19999999999999
2022-05-10,429.0,30081.31965,364.985,10979230.45245525,64.01499999999999
2022-05-11,410.99,31016.65261,365.0,11321078.202650001,45.99000000000001
2022-05-12,419.44,29111.51891,370.0,10771261.9967,49.44
2022-05-13,418.5,29047.51122,360.0,10457104.0392,58.5
2022-05-14,394.5,29347.45426,360.0,10565083.533599999,34.5
2022-05-15,388.85,30063.29948,360.0,10822787.812800001,28.850000000000023
2022-05-16,382.2,31294.43678,359.28,11243465.2463184,22.920000000000016
2022-05-17,383.8,29886.71637,360.0,10759217.893199999,23.80000000000001
2022-05-18,391.0,30424.57553,360.0,10952847.1908,31.0
2022-05-19,391.49,28801.38932,359.86,10364467.9606952,31.629999999999995
2022-05-20,391.15,30315.55144,359.75,10906019.63054,31.399999999999977
2022-05-21,390.0,29186.47368,359.75,10499833.90638,30.25
2022-05-22,389.6,29462.74944,359.75,10599224.11104,29.850000000000023
2022-05-23,389.5,30260.01817,359.5,10878476.532115,30.0
2022-05-24,387.5,29128.56444,359.5,10471718.91618,28.0
2022-05-25,387.0,29636.12317,362.0,10728276.587539999,25.0
2022-05-26,387.39,29526.02822,362.25,10695803.722695,25.139999999999986
2022-05-27,387.35,29203.01481,362.0,10571491.36122,25.350000000000023
2022-05-28,386.0,28642.97626,362.0,10368757.40612,24.0
2022-05-29,385.76,29017.78773,362.0,10504439.15826,23.75999999999999
2022-05-30,385.0,29459.7327,361.99,10664128.640073,23.00999999999999
2022-05-31,385.0,31708.84176,360.0,11415183.0336,25.0
2022-06-01,384.85,31799.1243,359.5,11431785.18585,25.350000000000023
2022-06-02,385.0,29805.05502,359.5,10714917.27969,25.5
2022-06-03,384.98,30452.93646,356.0,10841245.37976,28.980000000000018
2022-06-04,384.85,29712.1738,356.0,10577533.8728,28.850000000000023
2022-06-05,384.2,29860.13626,356.0,10630208.50856,28.19999999999999
2022-06-06,384.2,29916.34364,361.84,10824929.7826976,22.360000000000014
2022-06-07,384.9,31349.62177,357.0,11191814.97189,27.899999999999977
2022-06-08,384.5,31096.03292,357.0,11101283.75244,27.5
2022-06-09,384.8,30220.52136,360.0,10879387.6896,24.80000000000001
2022-06-10,383.9,30101.712,360.0,10836616.32,23.899999999999977
2022-06-11,384.73,29091.30446,360.0,10472869.6056,24.730000000000018
2022-06-12,384.42,28410.33218,360.0,10227719.584800001,24.420000000000016
2022-06-13,392.3,26662.76223,360.0,9598594.4028,32.30000000000001
2022-06-14,387.25,22369.59496,359.28,8036948.0772287985,27.970000000000027
2022-06-15,386.35,22144.36193,360.0,7971970.294799999,26.350000000000023
2022-06-16,386.43,22569.79016,362.0,8170264.03792,24.430000000000007
2022-06-17,386.45,20365.71036,362.0,7372387.15032,24.44999999999999
2022-06-18,387.86,20444.38839,362.0,7400868.59718,25.860000000000014
2022-06-19,388.2,19013.88899,362.0,6883027.814379999,26.19999999999999
2022-06-20,387.8,20546.94676,357.0,7335259.993319999,30.80000000000001
2022-06-21,387.98,,358.0,,29.980000000000018
2022-06-22,387.6,20479.5692,360.0,7372644.9120000005,27.600000000000023
2022-06-23,388.1,20014.47101,357.0,7145166.1505700005,31.100000000000023
2022-06-24,387.35,21126.43769,357.0,7542138.255329999,30.350000000000023
2022-06-25,387.2,21225.80632,357.0,7577612.85624,30.19999999999999
2022-06-26,387.35,21486.41676,357.0,7670650.78332,30.350000000000023
2022-06-27,387.99,21034.77752,357.0,7509415.57464,30.99000000000001
2022-06-28,387.89,20737.23753,356.0,7382456.560679999,31.889999999999986
2022-06-29,388.35,20281.64611,356.0,7220266.015160001,32.35000000000002
2022-06-30,388.75,20118.91202,356.0,7162332.6791199995,32.75
2022-07-01,388.01,19819.43064,356.0,7055717.30784,32.00999999999999
2022-07-02,387.8,19297.68388,356.0,6869975.46128,31.80000000000001
2022-07-03,387.8,19241.23476,356.0,6849879.57456,31.80000000000001
2022-07-04,386.75,19306.82873,364.0,7027685.6577200005,22.75
2022-07-05,387.6,20228.41495,360.0,7282229.381999999,27.600000000000023
2022-07-06,387.23,20190.01785,364.0,7349166.4974,23.230000000000018
2022-07-07,386.6,20573.71953,360.0,7406539.0308,26.600000000000023
2022-07-08,386.28,21659.66571,364.75,7900363.0677225,21.529999999999973
2022-07-09,386.0,21597.30571,364.75,7877617.2577225,21.25
2022-07-10,384.89,21583.4059,364.75,7872547.302025001,20.139999999999986
2022-07-11,384.42,20819.3174,360.0,7494954.264,24.420000000000016
2022-07-12,385.18,19964.74224,358.5,7157360.09304,26.680000000000007
2022-07-13,384.9,19324.97432,357.565,6909934.4427308,27.33499999999998
2022-07-14,386.75,20220.65711,365.5,7390650.173705,21.25
2022-07-15,387.69,20597.70019,360.0,7415172.0684,27.689999999999998
2022-07-16,387.99,20841.89577,360.0,7503082.4772,27.99000000000001
2022-07-17,388.28,21202.05263,360.0,7632738.946799999,28.279999999999973
2022-07-18,388.77,20770.51151,359.99,7477176.438484901,28.779999999999973
2022-07-19,388.85,22376.65137,360.0,8055594.493199999,28.850000000000023
2022-07-20,390.85,23410.8607,359.99,8427675.743393,30.860000000000014
2022-07-21,391.59,23233.45853,357.92,8315719.4770576,33.66999999999996
2022-07-22,390.0,23139.54476,360.0,8330236.1136,30.0
2022-07-23,389.3,22702.4033,360.0,8172865.188000001,29.30000000000001
2022-07-24,386.5,22457.51634,360.0,8084705.8824,26.5
2022-07-25,386.0,22586.7027,358.0,8086039.5666000005,28.0
2022-07-26,385.9,21248.55102,357.0,7585732.71414,28.899999999999977
2022-07-27,385.09,21276.64953,357.0,7595763.8822099995,28.089999999999975
2022-07-28,384.65,22982.72003,362.0,8319744.65086,22.649999999999977
2022-07-29,384.25,23867.50707,357.0,8520700.02399,27.25
2022-07-30,382.9,23804.76686,357.0,8498301.76902,25.899999999999977
2022-07-31,381.98,23632.70919,357.0,8436877.18083,24.980000000000018
2022-08-01,379.99,23294.02232,362.995,8455613.6320484,16.995000000000005
2022-08-02,380.65,23267.67005,357.88,8327033.757494,22.769999999999982
2022-08-03,381.0,22987.06507,357.0,8206382.22999,24.0
2022-08-04,382.35,22818.95266,357.0,8146366.0996199995,25.350000000000023
2022-08-05,381.95,22619.89417,357.0,8075302.21869,24.94999999999999
2022-08-06,381.97,23311.39595,357.0,8322168.354149999,24.970000000000027
2022-08-07,381.49,22953.28415,357.0,8194322.44155,24.49000000000001
2022-08-08,382.97,23174.53443,365.0,8458705.06695,17.970000000000027
2022-08-09,381.76,23810.16861,357.0,8500230.19377,24.75999999999999
2022-08-10,381.0,23149.76967,363.0,8403366.39021,18.0
2022-08-11,380.7,23954.24923,362.995,8695272.699243851,17.704999999999984
2022-08-12,378.97,23934.83245,360.0,8616539.682,18.970000000000027
2022-08-13,378.4,24403.36772,360.0,8785212.3792,18.399999999999977
2022-08-14,377.98,24443.16218,360.0,8799538.3848,17.980000000000018
2022-08-15,379.0,24304.88684,360.0,8749759.2624,19.0
2022-08-16,378.95,24094.20778,360.0,8673914.8008,18.94999999999999
2022-08-17,379.2,23855.15204,360.0,8587854.7344,19.19999999999999
2022-08-18,378.5,23341.72635,360.0,8403021.486,18.5
2022-08-19,379.99,23192.51993,360.0,8349307.174799999,19.99000000000001
2022-08-20,381.3,20835.03701,360.0,7500613.3236,21.30000000000001
2022-08-21,378.25,21140.23858,360.0,7610485.888800001,18.25
2022-08-22,378.3,21515.70657,357.0,7681107.24549,21.30000000000001
2022-08-23,378.86,21399.70316,360.0,7703893.1376,18.860000000000014
2022-08-24,378.65,21523.60025,357.0,7683925.289249999,21.649999999999977
2022-08-25,378.96,21367.20316,357.0,7628091.52812,21.95999999999998
2022-08-26,379.55,21559.64501,357.0,7696793.26857,22.55000000000001
2022-08-27,380.75,20240.39064,357.0,7225819.4584800005,23.75
2022-08-28,379.7,20037.34616,357.0,7153332.57912,22.69999999999999
2022-08-29,381.6,19556.17948,360.0,7040224.612799999,21.600000000000023
2022-08-30,379.0,20290.28375,360.0,7304502.149999999,19.0
2022-08-31,377.98,19811.5943,357.88,7090173.368084,20.100000000000023
2022-09-01,376.88,20049.63427,357.96,7176967.0832891995,18.920000000000016
2022-09-02,375.75,20131.61191,360.0,7247380.287599999,15.75
2022-09-03,374.49,19952.05186,360.0,7182738.6696,14.490000000000009
2022-09-04,373.7,19831.88887,360.0,7139479.993199999,13.699999999999989
2022-09-05,375.0,20001.10908,360.0,7200399.2688,15.0
2022-09-06,376.49,19796.14356,360.0,7126611.6816,16.49000000000001
2022-09-07,378.0,18791.06214,360.0,6764782.3704,18.0
2022-09-08,377.0,19292.89928,364.0,7022615.337920001,13.0
2022-09-09,376.2,19320.10257,360.0,6955236.9251999995,16.19999999999999
2022-09-10,375.45,21362.70295,360.0,7690573.062,15.449999999999989
2022-09-11,375.3,21648.01781,360.0,7793286.4116,15.300000000000011
2022-09-12,374.62,21828.10325,359.995,7858008.02948375,14.625
2022-09-13,376.8,22395.36761,364.5,8163111.493845001,12.300000000000011
2022-09-14,377.97,20173.68509,365.375,7370960.18975875,12.595000000000027
2022-09-15,376.85,20226.67944,362.0,7322057.95728,14.850000000000023
2022-09-16,377.48,19701.73179,365.375,7198520.252771251,12.105000000000018
2022-09-17,380.85,19803.57699,365.375,7235731.9427212505,15.475000000000023
2022-09-18,377.98,20113.50127,365.375,7348970.52652625,12.605000000000018
2022-09-19,378.35,19416.95009,364.0,7067769.83276,14.350000000000023
2022-09-20,376.0,19536.9821,363.5,7101692.99335,12.5
2022-09-21,379.4,18874.76152,365.0,6889287.9548,14.399999999999977
2022-09-22,379.9,18461.00568,358.0,6609040.033439999,21.899999999999977
2022-09-23,383.7,19401.25916,364.0,7062058.334240001,19.69999999999999
2022-09-24,387.89,19289.67412,364.0,7021441.37968,23.889999999999986
2022-09-25,383.48,18920.43004,364.0,6887036.53456,19.480000000000018
2022-09-26,383.0,18808.01501,363.995,6846023.42356495,19.004999999999995
2022-09-27,383.0,19227.86071,364.0,6998941.29844,19.0
2022-09-28,383.0,19079.39938,364.0,6944901.3743199995,19.0
2022-09-29,381.79,19413.31776,364.0,7066447.664640001,17.79000000000002
2022-09-30,380.9,19591.73345,365.5,7160778.575975,15.399999999999977
2022-10-01,380.9,19423.91034,365.5,7099439.229269999,15.399999999999977
2022-10-02,380.9,19311.05186,365.5,7058189.45483,15.399999999999977
2022-10-03,380.9,19057.14289,357.88,6820170.2974732,23.019999999999982
2022-10-04,380.9,19628.99559,366.0,7184212.3859399995,14.899999999999977
2022-10-05,380.9,20338.58833,366.0,7443923.328779999,14.899999999999977
2022-10-06,380.9,20157.83388,366.0,7377767.200079999,14.899999999999977
2022-10-07,380.9,19961.34239,366.0,7305851.31474,14.899999999999977
2022-10-08,380.9,19522.45559,366.0,7145218.745940001,14.899999999999977
2022-10-09,380.9,19407.8446,366.0,7103271.1236000005,14.899999999999977
2022-10-10,380.9,19434.37594,365.995,7112884.4221603,14.904999999999973
2022-10-11,380.9,19103.75818,366.0,6991975.49388,14.899999999999977
2022-10-12,380.9,19071.53042,366.5,6989715.89893,14.399999999999977
2022-10-13,380.9,19156.9637,365.0,6992291.7505,15.899999999999977
2022-10-14,380.9,19381.0724,363.0,7035329.2812,17.899999999999977
2022-10-15,380.9,19185.18036,363.0,6964220.470679999,17.899999999999977
2022-10-16,380.9,19072.56342,363.0,6923340.5214599995,17.899999999999977
2022-10-17,380.9,19271.75244,367.0,7072733.14548,13.899999999999977
2022-10-18,380.9,19562.69301,367.0,7179508.33467,13.899999999999977
2022-10-19,380.9,19333.25375,367.0,7095304.12625,13.899999999999977
2022-10-20,380.9,19123.63317,367.0,7018373.37339,13.899999999999977
2022-10-21,380.9,19045.94577,367.0,6989862.097589999,13.899999999999977
2022-10-22,380.9,19172.25356,367.0,7036217.05652,13.899999999999977
2022-10-23,380.9,19207.91259,367.0,7049303.92053,13.899999999999977
2022-10-24,380.9,19564.15533,367.0,7180045.00611,13.899999999999977
2022-10-25,380.9,19329.60043,363.0,7016644.9560899995,17.899999999999977
2022-10-26,380.3,20109.07085,363.0,7299592.71855,17.30000000000001
2022-10-27,379.75,20752.75577,363.0,7533250.34451,16.75
2022-10-28,379.75,20283.03089,363.0,7362740.2130700005,16.75
2022-10-29,379.75,20589.20951,363.0,7473883.052130001,16.75
2022-10-30,379.75,20820.12179,363.0,7557704.209770001,16.75
2022-10-31,379.98,20630.67725,363.0,7488935.841750001,16.980000000000018
2022-11-01,380.24,20475.56474,367.0,7514532.25958,13.240000000000009
2022-11-02,379.5,20482.50229,367.0,7517078.34043,12.5
2022-11-03,379.35,20148.7812,367.5,7404677.091,11.850000000000023
2022-11-04,379.35,20206.91328,362.0,7314902.60736,17.350000000000023
2022-11-05,379.35,21154.78706,362.0,7658032.91572,17.350000000000023
2022-11-06,379.35,21302.68465,362.0,7711571.8433,17.350000000000023
2022-11-07,379.35,20909.59012,362.0,7569271.62344,17.350000000000023
2022-11-08,379.28,20576.81587,365.0,7510537.792549999,14.279999999999973
2022-11-09,383.4,18560.85539,367.5,6821114.355825,15.899999999999977
2022-11-10,385.2,15883.43963,368.5,5853047.503655001,16.69999999999999
2022-11-11,379.0,17618.69682,367.5,6474871.081350001,11.5
2022-11-12,378.7,17049.50618,367.5,6265693.52115,11.199999999999989
2022-11-13,377.18,16806.60428,367.5,6176427.0729,9.680000000000007
2022-11-14,377.0,16319.56302,363.0,5924001.37626,14.0
2022-11-15,376.7,16600.43131,367.5,6100658.506425,9.199999999999989
2022-11-16,375.94,16887.95458,367.5,6206323.308150001,8.439999999999998
2022-11-17,376.35,16675.00855,367.5,6128065.642124999,8.850000000000023
2022-11-18,376.95,16690.56733,367.5,6133783.493775001,9.449999999999989
2022-11-19,376.9,16695.83854,367.5,6135720.66345,9.399999999999977
2022-11-20,377.4,16687.64155,367.5,6132708.269625,9.899999999999977
2022-11-21,379.35,16290.0183,367.5,5986581.72525,11.850000000000023
2022-11-22,379.8,15773.94561,367.5,5796925.011675,12.300000000000011
2022-11-23,379.29,16231.60125,363.0,5892071.25375,16.29000000000002
2022-11-24,380.45,16615.36784,368.5,6122763.04904,11.949999999999989
2022-11-25,380.43,16590.12697,367.5,6096871.661475,12.930000000000007
2022-11-26,380.79,16520.13877,367.5,6071150.997975,13.29000000000002
2022-11-27,379.98,16461.04265,367.5,6049433.173874999,12.480000000000018
2022-11-28,379.7,16436.81574,368.5,6056966.60019,11.199999999999989
2022-11-29,379.3,16199.89021,367.5,5953459.652175,11.800000000000011
2022-11-30,378.3,16445.68458,368.5,6060234.76773,9.800000000000011
2022-12-01,376.95,17164.12983,368.5,6324981.842355001,8.449999999999989
2022-12-02,375.47,16977.46881,368.5,6256197.256484999,6.970000000000027
2022-12-03,376.9,17092.55203,368.5,6298605.423055,8.399999999999977
2022-12-04,376.35,16885.87929,368.5,6222446.518365,7.850000000000023
2022-12-05,376.3,17106.05426,367.5,6286474.94055,8.800000000000011
2022-12-06,376.39,16966.26648,367.5,6235102.931399999,8.889999999999986
2022-12-07,375.9,17088.47434,367.5,6280014.31995,8.399999999999977
2022-12-08,375.68,16837.47193,367.5,6187770.934274999,8.180000000000007
2022-12-09,376.14,17224.67184,367.5,6330066.901199999,8.639999999999986
2022-12-10,375.9,17128.85088,367.5,6294852.698400001,8.399999999999977
2022-12-11,375.35,17127.55657,367.5,6294377.039475,7.850000000000023
2022-12-12,375.13,17085.39719,367.5,6278883.467325,7.6299999999999955
2022-12-13,375.11,17209.36047,367.5,6324439.972725,7.610000000000014
2022-12-14,375.27,17776.55406,363.0,6452889.123779999,12.269999999999982
2022-12-15,377.49,17802.79989,367.5,6542528.959574999,9.990000000000009
2022-12-16,377.9,17356.01287,367.5,6378334.7297249995,10.399999999999977
2022-12-17,377.95,16631.84149,367.5,6112201.747575,10.449999999999989
2022-12-18,377.77,16780.97049,367.5,6167006.655075,10.269999999999982
2022-12-19,378.38,16739.10285,365.0,6109772.54025,13.379999999999995
2022-12-20,378.08,16438.8591,363.0,5967305.853300001,15.079999999999984
2022-12-21,377.73,16897.05932,363.0,6133632.53316,14.730000000000018
2022-12-22,377.65,16825.02549,363.0,6107484.25287,14.649999999999977
2022-12-23,377.24,16821.59484,363.0,6106238.92692,14.240000000000009
2022-12-24,377.0,16778.05673,363.0,6090434.59299,14.0
2022-12-25,375.93,16833.57842,363.0,6110588.966460001,12.930000000000007
2022-12-26,375.98,16832.77049,363.0,6110295.68787,12.980000000000018
2022-12-27,375.94,16945.45132,363.0,6151198.82916,12.939999999999998
2022-12-28,376.69,16702.28493,363.0,6062929.429590001,13.689999999999998
2022-12-29,376.28,16547.69393,363.0,6006812.89659,13.279999999999973
2022-12-30,376.42,16634.60033,367.5,6113215.621275,8.920000000000016
2022-12-31,376.5,16613.62041,367.5,6105505.500675,9.0
2023-01-01,376.5,16541.83045,367.5,6079122.690375,9.0
2023-01-02,376.6,16617.33671,363.0,6032093.22573,13.600000000000023
2023-01-03,376.4,16673.41871,363.0,6052450.991730001,13.399999999999977
2023-01-04,376.65,16675.61272,363.0,6053247.41736,13.649999999999977
2023-01-05,376.6,16850.57563,363.0,6116758.95369,13.600000000000023
2023-01-06,377.0,16831.42102,363.0,6109805.83026,14.0
2023-01-07,376.5,16950.61564,363.0,6153073.47732,13.5
2023-01-08,376.5,16943.42494,363.0,6150463.25322,13.5
2023-01-09,376.34,17133.03283,367.5,6296389.565025,8.839999999999975
2023-01-10,376.43,,367.5,,8.930000000000007
2023-01-11,376.15,17446.13412,366.5,6394008.154979999,9.649999999999977
2023-01-12,375.99,17954.95471,367.5,6598445.855925,8.490000000000009
2023-01-13,375.89,18852.16567,366.0,6899892.63522,9.889999999999986
2023-01-14,375.3,19927.26223,366.0,7293377.97618,9.300000000000011
2023-01-15,374.75,20931.03013,366.0,7660757.0275799995,8.75
2023-01-16,374.75,20862.15627,366.0,7635549.19482,8.75
2023-01-17,375.29,,365.0,,10.29000000000002
2023-01-18,374.73,21286.70485,362.0,7705787.155699999,12.730000000000018
2023-01-19,374.25,20670.55386,367.0,7586093.26662,7.25
2023-01-20,374.6,21075.72426,366.0,7713715.079159999,8.600000000000023
2023-01-21,373.9,22668.34008,366.0,8296612.469280001,7.899999999999977
2023-01-22,373.18,22774.63292,366.0,8335515.64872,7.180000000000007
2023-01-23,373.78,22698.65817,362.0,8216914.25754,11.779999999999973
2023-01-24,373.99,22915.93051,362.0,8295566.84462,11.990000000000009
2023-01-25,373.83,22616.83746,362.0,8187295.160519999,11.829999999999984
2023-01-26,373.35,23078.44361,362.0,8354396.58682,11.350000000000023
2023-01-27,373.49,23017.26048,362.0,8332248.293760001,11.490000000000009
2023-01-28,373.5,23064.47443,362.0,8349339.743659999,11.5
2023-01-29,372.88,23023.16673,362.0,8334386.356260001,10.879999999999995
2023-01-30,372.73,23742.77121,366.0,8689854.26286,6.730000000000018
2023-01-31,373.5,22824.85986,365.0,8331073.848900001,8.5
2023-02-01,373.3,23131.77333,366.0,8466229.03878,7.300000000000011
2023-02-02,373.6,23739.55294,366.0,8688676.37604,7.600000000000023
2023-02-03,373.92,23541.08803,365.0,8592497.13095,8.920000000000016
2023-02-04,374.07,23424.58055,365.0,8549971.90075,9.069999999999993
2023-02-05,373.2,23315.76514,365.0,8510254.2761,8.199999999999989
2023-02-06,374.7,22933.32056,365.25,8376395.33454,9.449999999999989
2023-02-07,373.79,22749.99189,365.5,8315122.035795,8.29000000000002
2023-02-08,373.5,23257.05516,365.5,8500453.66098,8.0
2023-02-09,374.3,22970.42584,365.5,8395690.64452,8.800000000000011
2023-02-10,377.5,21802.41244,365.0,7957880.5406,12.5
2023-02-11,374.75,21628.13074,365.0,7894267.7201000005,9.75
2023-02-12,374.69,21856.8903,365.0,7977764.9595,9.689999999999998
2023-02-13,377.0,21779.36386,365.0,7949467.8089000005,12.0
2023-02-14,376.5,21772.12198,365.0,7946824.5227,11.5
2023-02-15,375.0,22186.79119,365.0,8098178.78435,10.0
2023-02-16,374.75,24338.78865,365.0,8883657.85725,9.75
2023-02-17,375.7,23469.7309,365.5,8578186.64395,10.199999999999989
2023-02-18,374.99,24550.60537,365.5,8973246.262735,9.490000000000009
2023-02-19,374.7,24623.81102,365.5,9000002.92781,9.199999999999989
2023-02-20,374.5,24298.25936,359.32,8730850.5532352,15.180000000000007
2023-02-21,373.87,24838.08267,365.0,9065900.17455,8.870000000000005
2023-02-22,374.48,24440.85714,365.0,8920912.8561,9.480000000000018
2023-02-23,376.0,24190.00684,365.0,8829352.4966,11.0
2023-02-24,378.7,23935.77984,365.0,8736559.6416,13.699999999999989
2023-02-25,377.81,23179.72449,365.0,8460599.43885,12.810000000000002
2023-02-26,376.98,23153.84931,365.0,8451154.99815,11.980000000000018
2023-02-27,377.4,23559.11559,363.0,8551958.95917,14.399999999999977
2023-02-28,376.5,23478.14732,362.0,8499089.32984,14.5
2023-03-01,375.42,23143.36764,358.0,8285325.61512,17.420000000000016
2023-03-02,372.0,23629.11444,346.0,8175673.596240001,26.0
2023-03-03,367.9,23469.03067,339.5,7967735.912465,28.399999999999977
2023-03-04,350.97,22339.52211,339.5,7584267.756345,11.470000000000027
2023-03-05,344.47,22342.42679,339.5,7585253.895205,4.970000000000027
2023-03-06,344.8,22425.75399,339.5,7613543.4796050005,5.300000000000011
2023-03-07,339.7,22413.01317,322.5,7228196.747324999,17.19999999999999
2023-03-08,325.73,,322.5,,3.230000000000018
2023-03-09,321.73,,322.5,,-0.7699999999999818
2023-03-10,344.0,,320.0,,24.0
2023-03-11,336.49,,320.0,,16.49000000000001
2023-03-12,335.0,,320.0,,15.0
2023-03-13,336.0,,327.5,,8.5
2023-03-14,334.7,24605.15986,335.0,8242728.5531,-0.30000000000001137
2023-03-15,334.7,24693.1668,335.0,8272210.878,-0.30000000000001137
2023-03-16,334.7,24276.48914,337.0,8181176.84018,-2.3000000000000114
2023-03-17,334.7,24996.41046,336.0,8398793.91456,-1.3000000000000114
2023-03-18,334.7,27380.75309,336.0,9199933.038239999,-1.3000000000000114
2023-03-19,334.7,26916.92909,336.0,9044088.17424,-1.3000000000000114
2023-03-20,334.7,27969.82395,340.0,9509740.143000001,-5.300000000000011
2023-03-21,334.7,27716.96756,320.0,8869429.6192,14.699999999999989
2023-03-22,334.7,,319.5,,15.199999999999989
2023-03-23,334.7,,318.0,,16.69999999999999
2023-03-24,334.7,,320.0,,14.699999999999989
2023-03-25,334.7,,320.0,,14.699999999999989
2023-03-26,334.7,,320.0,,14.699999999999989
2023-03-27,334.7,,322.5,,12.199999999999989
2023-03-28,334.7,27444.38628,324.5,8905703.34786,10.199999999999989
2023-03-29,334.7,27268.56158,325.0,8862282.513500001,9.699999999999989
2023-03-30,334.7,28353.7942,325.0,9214983.115,9.699999999999989
2023-03-31,334.7,28033.04966,324.0,9082708.08984,10.699999999999989
2023-04-01,334.7,28465.91201,324.0,9222955.49124,10.699999999999989
2023-04-02,334.7,28453.51856,324.0,9218940.01344,10.699999999999989
2023-04-03,334.7,28171.96304,323.0,9099544.06192,11.699999999999989
2023-04-04,334.7,27801.6996,322.5,8966048.121,12.199999999999989
2023-04-05,334.7,28165.43449,322.5,9083352.623025,12.199999999999989
2023-04-06,334.7,28171.05813,320.0,9014738.6016,14.699999999999989
2023-04-07,334.7,28033.50216,320.0,8970720.6912,14.699999999999989
2023-04-08,334.7,27905.99379,320.0,8929918.0128,14.699999999999989
2023-04-09,334.7,27938.38671,320.0,8940283.7472,14.699999999999989
2023-04-10,334.7,28322.89553,318.0,9006680.77854,16.69999999999999
2023-04-11,334.7,29638.16818,319.0,9454575.64942,15.699999999999989
2023-04-12,334.7,30199.88257,319.0,9633762.539830001,15.699999999999989
2023-04-13,334.7,29888.75413,319.0,9534512.567470001,15.699999999999989
2023-04-14,334.7,30375.10374,319.0,9689658.09306,15.699999999999989
2023-04-15,334.7,30465.51817,319.0,9718500.29623,15.699999999999989
2023-04-16,334.7,30294.60965,319.0,9663980.478349999,15.699999999999989
2023-04-17,334.7,30305.21052,319.0,9667362.15588,15.699999999999989
2023-04-18,334.7,29430.51079,318.0,9358902.43122,16.69999999999999
2023-04-19,334.7,30379.65882,318.5,9675921.33417,16.19999999999999
2023-04-20,334.7,28799.07914,318.0,9158107.166520001,16.69999999999999
2023-04-21,334.7,28243.33667,318.0,8981381.06106,16.69999999999999
2023-04-22,334.7,27262.22693,318.0,8669388.16374,16.69999999999999
2023-04-23,334.7,27815.85511,318.0,8845441.92498,16.69999999999999
2023-04-24,334.7,27590.80948,320.0,8829059.0336,14.699999999999989
2023-04-25,334.7,27513.93128,321.5,8845728.90652,13.199999999999989
2023-04-26,334.7,28299.99492,320.0,9055998.374400001,14.699999999999989
2023-04-27,334.7,28415.39777,320.0,9092927.2864,14.699999999999989
2023-04-28,334.7,29473.44967,320.0,9431503.8944,14.699999999999989
2023-04-29,334.7,29313.21666,320.0,9380229.3312,14.699999999999989
2023-04-30,334.7,29230.09482,320.0,9353630.3424,14.699999999999989
2023-05-01,334.7,29233.04272,320.0,9354573.670400001,14.699999999999989
2023-05-02,334.7,28069.69765,320.0,8982303.248,14.699999999999989
2023-05-03,334.7,28667.81803,319.5,9159367.860585,15.199999999999989
2023-05-04,334.7,29027.68919,319.0,9259832.851610001,15.699999999999989
2023-05-05,334.7,28839.53763,319.0,9199812.503969999,15.699999999999989
2023-05-06,334.7,29505.22728,319.0,9412167.502319999,15.699999999999989
2023-05-07,334.7,28848.47328,319.0,9202662.97632,15.699999999999989
2023-05-08,334.7,28430.28874,318.0,9040831.81932,16.69999999999999
2023-05-09,334.7,27668.85355,317.0,8771026.57535,17.69999999999999
2023-05-10,334.7,27630.02507,315.9,8728324.919613,18.80000000000001
2023-05-11,334.7,27597.61277,313.0,8638052.79701,21.69999999999999
2023-05-12,334.7,26991.47966,312.0,8421341.65392,22.69999999999999
2023-05-13,334.7,26799.19228,312.0,8361347.991359999,22.69999999999999
2023-05-14,321.7,26774.61847,312.0,8353680.9626400005,9.699999999999989
2023-05-15,320.7,26917.49634,313.0,8425176.35442,7.699999999999989
2023-05-16,319.6,27162.82327,309.0,8393312.39043,10.600000000000023
2023-05-17,318.89,27033.76018,305.0,8245296.854900001,13.889999999999986
2023-05-18,315.5,27414.2211,306.0,8388751.6566,9.5
2023-05-19,322.74,26824.73279,306.5,8221780.6001349995,16.24000000000001
2023-05-20,315.44,26874.19293,306.5,8236940.133045,8.939999999999998
2023-05-21,317.8,27106.18891,306.5,8308046.900915001,11.300000000000011
2023-05-22,321.0,26743.07218,305.0,8156637.0149,16.0
2023-05-23,318.39,26850.09579,304.5,8175854.168055,13.889999999999986
2023-05-24,318.1,27218.30667,303.0,8247146.921010001,15.100000000000023
2023-05-25,318.4,26326.95514,302.0,7950740.45228,16.399999999999977
2023-05-26,320.15,26481.00834,297.0,7864859.47698,23.149999999999977
2023-05-27,315.48,26714.89864,297.0,7934324.896079999,18.480000000000018
2023-05-28,311.99,26866.36493,297.0,7979310.38421,14.990000000000009
2023-05-29,312.5,28089.04526,296.0,8314357.39696,16.5
2023-05-30,304.95,27743.78811,294.0,8156673.704340001,10.949999999999989
2023-05-31,303.2,27694.5948,290.0,8031432.492,13.199999999999989
2023-06-01,300.0,27211.38637,293.5,7986541.899595,6.5
2023-06-02,301.88,26817.79398,290.0,7777160.254199999,11.879999999999995
2023-06-03,299.5,27242.30277,290.0,7900267.8033,9.5
2023-06-04,298.75,27069.43535,290.0,7850136.2515,8.75
2023-06-05,301.0,27116.64652,290.0,7863827.4908,11.0
2023-06-06,300.84,25728.33848,291.5,7499810.66692,9.339999999999975
2023-06-07,301.7,27231.78181,291.0,7924448.50671,10.699999999999989
2023-06-08,306.7,26341.53765,294.0,7744412.0691,12.699999999999989
2023-06-09,317.99,26501.79585,295.5,7831280.673675,22.49000000000001
2023-06-10,311.44,26479.84989,295.5,7824795.642495001,15.939999999999998
2023-06-11,316.5,25840.93528,295.5,7635996.375240001,21.0
2023-06-12,318.18,25925.99256,300.5,7790760.76428,17.680000000000007
2023-06-13,324.97,25905.80717,306.0,7927176.99402,18.970000000000027
2023-06-14,341.9,25934.89873,315.0,8169493.099950001,26.899999999999977
2023-06-15,355.98,25129.03401,306.0,7689484.40706,49.98000000000002
2023-06-16,335.8,25597.11417,307.5,7871112.607275,28.30000000000001
2023-06-17,324.5,26345.79476,307.5,8101331.8887,17.0
2023-06-18,325.0,26517.48496,307.5,8154126.625200001,17.5
2023-06-19,327.78,26341.56334,306.0,8060518.3820400005,21.779999999999973
2023-06-20,321.72,26844.6586,306.0,8214465.531599999,15.720000000000027
2023-06-21,317.45,28306.21011,306.0,8661700.29366,11.449999999999989
2023-06-22,318.1,29994.75455,306.0,9178394.8923,12.100000000000023
2023-06-23,318.93,29885.21515,307.5,9189703.658625,11.430000000000007
2023-06-24,316.9,30688.45538,307.5,9436700.02935,9.399999999999977
2023-06-25,316.9,30528.5276,307.5,9387522.237,9.399999999999977
2023-06-26,319.58,30465.65547,307.5,9368189.057025,12.079999999999984
2023-06-27,316.96,30268.1851,308.0,9322601.0108,8.95999999999998
2023-06-28,317.0,30692.77823,307.5,9438029.305725,9.5
2023-06-29,317.0,30078.09067,307.201,9240019.531914672,9.798999999999978
2023-06-30,316.15,30449.49087,308.034,9379478.47064958,8.115999999999985
2023-07-01,314.99,30473.35116,308.034,9386828.251219438,6.956000000000017
2023-07-02,315.0,30586.87827,308.034,9421798.46102118,6.966000000000008
2023-07-03,315.59,30616.82003,307.699,9420764.90641097,7.890999999999963
2023-07-04,314.9,31157.34898,306.0,9534148.78788,8.899999999999977
2023-07-05,313.45,30767.51197,306.0,9414858.66282,7.449999999999989
2023-07-06,315.35,30504.30702,309.0,9425830.86918,6.350000000000023
2023-07-07,318.55,29896.11605,309.0,9237899.85945,9.550000000000011
2023-07-08,315.97,30344.45168,309.0,9376435.56912,6.970000000000027
2023-07-09,317.1,30285.66337,309.0,9358269.98133,8.100000000000023
2023-07-10,319.5,30161.99352,310.0,9350217.9912,9.5
2023-07-11,317.7,30413.39298,313.0,9519392.00274,4.699999999999989
2023-07-12,317.52,30622.3738,314.0,9615425.373200001,3.519999999999982
2023-07-13,319.3,30380.20423,317.0,9630524.74091,2.3000000000000114
2023-07-14,320.75,31456.43672,318.0,10003146.87696,2.75
2023-07-15,321.39,30312.45698,318.0,9639361.31964,3.3899999999999864
2023-07-16,323.9,30289.44341,318.0,9632043.00438,5.899999999999977
2023-07-17,329.3,30233.39673,321.0,9704920.35033,8.300000000000011
2023-07-18,326.75,30139.42453,322.0,9704894.69866,4.75
2023-07-19,326.94,29858.46867,323.0,9644285.380409999,3.9399999999999977
2023-07-20,326.65,29910.5814,324.0,9691028.3736,2.6499999999999773
2023-07-21,327.69,29802.14409,326.5,9730400.045385001,1.1899999999999977
2023-07-22,330.95,29902.45413,326.5,9763151.273444999,4.449999999999989
2023-07-23,333.24,29791.50362,326.5,9726925.93193,6.740000000000009
2023-07-24,341.0,30083.90179,329.0,9897603.68891,12.0
2023-07-25,337.89,29179.90552,330.0,9629368.8216,7.889999999999986
2023-07-26,334.55,29228.51622,328.0,9586953.32016,6.550000000000011
2023-07-27,334.5,29351.35925,328.0,9627245.834,6.5
2023-07-28,333.45,29220.45573,328.0,9584309.47944,5.449999999999989
2023-07-29,331.98,29312.73283,328.0,9614576.36824,3.980000000000018
2023-07-30,332.59,29354.75945,328.0,9628361.0996,4.589999999999975
2023-07-31,332.4,29279.80504,317.0,9281698.19768,15.399999999999977
2023-08-01,327.0,29232.98586,319.129,9329093.544515941,7.870999999999981
2023-08-02,321.8,29709.82289,313.0,9299174.56457,8.800000000000011
2023-08-03,321.9,29183.32544,316.0,9221930.83904,5.899999999999977
2023-08-04,323.4,29194.07642,320.0,9342104.454400001,3.3999999999999773
2023-08-05,324.22,29114.09476,320.0,9316510.3232,4.220000000000027
2023-08-06,326.0,29072.47391,320.0,9303191.6512,6.0
2023-08-07,325.59,29088.74465,322.0,9366575.7773,3.589999999999975
2023-08-08,328.0,29212.08737,319.5,9333261.914715,8.5
2023-08-09,329.85,29772.71881,319.5,9512383.659795,10.350000000000023
2023-08-10,328.7,29582.57789,319.0,9436842.34691,9.699999999999989
2023-08-11,327.4,29457.31512,319.0,9396883.52328,8.399999999999977
2023-08-12,326.05,29427.66919,319.0,9387426.47161,7.050000000000011
2023-08-13,326.0,29430.53726,319.0,9388341.38594,7.0
2023-08-14,326.1,29302.87839,321.0,9406223.96319,5.100000000000023
2023-08-15,325.59,29431.69388,320.0,9418142.0416,5.589999999999975
2023-08-16,325.08,29196.56214,321.0,9372096.446940001,4.079999999999984
2023-08-17,328.93,28723.11267,321.5,9234480.723405,7.430000000000007
2023-08-18,329.98,26600.46619,323.0,8591950.57937,6.980000000000018
2023-08-19,329.8,26051.4647,323.0,8414623.098100001,6.800000000000011
2023-08-20,330.74,26089.08499,323.0,8426774.45177,7.740000000000009
2023-08-21,330.74,26188.42405,323.0,8458860.968150001,7.740000000000009
2023-08-22,331.0,26131.5596,323.5,8453559.5306,7.5
2023-08-23,332.35,26052.7114,323.0,8415025.7822,9.350000000000023
2023-08-24,331.0,26433.91954,323.0,8538156.01142,8.0
2023-08-25,331.0,26180.51514,323.0,8456306.39022,8.0
2023-08-26,331.09,26065.03319,323.0,8419005.72037,8.089999999999975
2023-08-27,331.4,26013.62903,323.0,8402402.17669,8.399999999999977
2023-08-28,331.79,26101.75881,323.75,8450444.4147375,8.04000000000002
2023-08-29,331.0,26122.95085,320.5,8372405.747425,10.5
2023-08-30,330.98,27715.13707,321.758,8917567.07336906,9.222000000000037
2023-08-31,329.38,27294.45287,318.5,8693283.239095,10.879999999999995
2023-09-01,329.24,25932.07522,318.5,8259365.95757,10.740000000000009
2023-09-02,327.75,25811.00941,318.5,8220806.497084999,9.25
2023-09-03,327.99,25872.28137,318.5,8240321.616345,9.490000000000009
2023-09-04,328.7,25974.25835,320.0,8311762.672,8.699999999999989
2023-09-05,329.71,25827.82873,321.0,8290733.02233,8.70999999999998
2023-09-06,330.5,25787.63202,321.0,8277829.87842,9.5
2023-09-07,330.34,25763.10179,322.0,8295718.776380001,8.339999999999975
2023-09-08,330.8,26248.35551,321.0,8425722.11871,9.800000000000011
2023-09-09,331.48,25911.89397,321.0,8317717.96437,10.480000000000018
2023-09-10,332.8,25903.37004,321.0,8314981.78284,11.800000000000011
2023-09-11,331.43,25845.618,321.0,8296443.378,10.430000000000007
2023-09-12,331.25,25168.78822,322.25,8110642.003895,9.0
2023-09-13,331.4,26209.36312,322.0,8439414.92464,9.399999999999977
2023-09-14,331.99,26214.89397,323.0,8467410.75231,8.990000000000009
2023-09-15,332.0,26523.58631,322.75,8560487.4815525,9.25
2023-09-16,331.65,26622.85363,322.75,8592526.0090825,8.899999999999977
2023-09-17,332.12,26562.04205,322.75,8572899.0716375,9.370000000000005
2023-09-18,331.25,26529.03932,324.25,8602040.99951,7.0
2023-09-19,331.5,26762.86602,324.0,8671168.59048,7.5
2023-09-20,332.4,27197.57577,324.0,8812014.54948,8.399999999999977
2023-09-21,333.25,27118.16926,323.5,8772727.75561,9.75
2023-09-22,332.24,26566.77175,324.0,8607634.047,8.240000000000009
2023-09-23,331.5,26580.06501,324.0,8611941.06324,7.5
2023-09-24,331.5,26576.95322,324.0,8610932.84328,7.5
2023-09-25,331.94,26225.71061,324.0,8497130.237639999,7.939999999999998
2023-09-26,331.99,26304.21724,323.5,8509414.27714,8.490000000000009
2023-09-27,330.4,26213.75643,323.75,8486703.644212501,6.649999999999977
2023-09-28,332.0,26368.77549,324.326,8552079.47956974,7.673999999999978
2023-09-29,331.76,27033.57298,324.604,8775205.92359992,7.156000000000006
2023-09-30,331.5,26900.15523,324.604,8731897.98827892,6.896000000000015
2023-10-01,331.63,26960.44357,324.604,8751467.82459628,7.0260000000000105
2023-10-02,331.85,27994.21755,324.1,9072925.907955,7.75
2023-10-03,332.35,27507.87239,323.5,8898796.718165,8.850000000000023
2023-10-04,332.75,27421.50828,323.25,8864002.551509999,9.5
2023-10-05,332.7,27779.96237,323.95,8999318.8097615,8.75
2023-10-06,333.29,27417.92216,323.75,8876552.2993,9.54000000000002
2023-10-07,333.75,27935.31233,323.75,9044057.3668375,10.0
2023-10-08,332.85,27957.36815,323.75,9051197.9385625,9.100000000000023
2023-10-09,332.88,27919.88781,323.5,9032083.706535,9.379999999999995
2023-10-10,333.06,27583.90234,323.5,8923392.406990001,9.560000000000002
2023-10-11,333.85,27388.97008,323.6,8863070.717888,10.25
2023-10-12,333.18,26861.27042,323.25,8682905.663265001,9.930000000000007
2023-10-13,333.2,26753.60116,323.25,8648101.57497,9.949999999999989
2023-10-14,332.41,26862.50866,323.25,8683305.924345,9.160000000000025
2023-10-15,332.66,26854.47127,323.25,8680707.8380275,9.410000000000025
2023-10-16,331.98,27135.85681,323.9,8789304.020759,8.080000000000041
2023-10-17,331.95,28517.88338,324.0,9239794.215119999,7.949999999999989
2023-10-18,330.5,28394.78691,324.5,9214108.352295,6.0
2023-10-19,330.0,28304.54565,324.5,9184825.063425,5.5
2023-10-20,333.15,28718.4841,325.5,9347866.574550001,7.649999999999977
2023-10-21,334.18,29668.69134,325.5,9657159.031170001,8.680000000000007
2023-10-22,334.1,29913.94417,325.5,9736988.827335,8.600000000000023
2023-10-23,333.82,29980.61228,325.9,9770681.542051999,7.920000000000016
2023-10-24,334.98,33094.53687,327.0,10821913.55649,7.980000000000018
2023-10-25,335.84,33922.94932,326.25,11067362.21565,9.589999999999975
2023-10-26,335.49,34477.28027,326.5,11256832.008155001,8.990000000000009
2023-10-27,334.88,34135.10023,327.3,11172418.305279,7.579999999999984
2023-10-28,334.08,33895.68626,327.3,11094058.112898001,6.779999999999973
2023-10-29,334.09,34066.45214,327.3,11149949.785422001,6.789999999999964
2023-10-30,332.88,34544.5737,327.0,11296075.5999,5.8799999999999955
2023-10-31,332.45,34468.75972,327.5,11288518.8083,4.949999999999989
2023-11-01,332.75,34655.5265,327.5,11349684.92875,5.25
2023-11-02,332.6,35449.03547,328.75,11653870.4107625,3.8500000000000227
2023-11-03,332.0,34928.89188,328.5,11474140.98258,3.5
2023-11-04,331.5,34717.96585,328.5,11404851.781725,3.0
2023-11-05,331.3,35069.94668,328.5,11520477.484380001,2.8000000000000114
2023-11-06,332.95,34990.9453,326.5,11424543.640449999,6.449999999999989
2023-11-07,332.9,35052.53347,327.5,11479704.711425,5.399999999999977
2023-11-08,332.45,35402.10392,328.25,11620740.61174,4.199999999999989
2023-11-09,333.0,35568.94875,327.0,11631046.24125,6.0
2023-11-10,333.18,36671.04036,326.75,11982262.43763,6.430000000000007
2023-11-11,332.99,37285.15548,326.75,12182924.55309,6.240000000000009
2023-11-12,333.2,37139.16159,326.75,12135221.049532501,6.449999999999989
2023-11-13,332.99,37073.21505,326.5,12104404.713825,6.490000000000009
2023-11-14,333.13,36457.98986,327.6,11943637.478136001,5.529999999999973
2023-11-15,332.72,35546.06373,328.5,11676881.935305001,4.220000000000027
2023-11-16,332.9,37846.33328,327.75,12404135.73252,5.149999999999977
2023-11-17,333.65,36157.03276,327.5,11841428.2289,6.149999999999977
2023-11-18,332.88,36609.47757,327.5,11989603.904175,5.3799999999999955
2023-11-19,332.5,36571.36714,327.5,11977122.73835,5.0
2023-11-20,332.45,37374.44041,327.75,12249472.844377501,4.699999999999989
2023-11-21,332.32,37449.16756,328.3,12294561.709948001,4.019999999999982
2023-11-22,332.32,35709.47506,328.25,11721635.188444998,4.069999999999993
2023-11-23,332.74,37431.3716,328.25,12286847.727699999,4.490000000000009
2023-11-24,333.25,37291.43348,328.2,12239048.468136,5.050000000000011
2023-11-25,333.58,37715.60716,328.2,12378262.269911999,5.3799999999999955
2023-11-26,333.7,37778.82132,328.2,12399009.157224001,5.5
2023-11-27,335.75,37454.25091,328.75,12313084.986662501,7.0
2023-11-28,337.39,37246.04424,329.0,12253948.554960001,8.389999999999986
2023-11-29,337.22,37822.46532,328.25,12415224.241290001,8.970000000000027
2023-11-30,336.5,37853.98048,327.75,12406642.102319999,8.75
2023-12-01,333.55,37739.03234,327.75,12368967.849435,5.800000000000011
2023-12-02,333.29,38693.55552,327.75,12681812.82168,5.5400000000000205
2023-12-03,332.9,39451.48658,327.75,12930224.726595,5.149999999999977
2023-12-04,333.8,40012.19476,327.85,13117998.052066,5.949999999999989
2023-12-05,334.49,41887.70552,327.8,13730789.869456,6.689999999999998
2023-12-06,335.55,44047.61294,326.8,14394759.908792,8.75
2023-12-07,335.4,43773.78708,326.5,14292141.48162,8.899999999999977
2023-12-08,334.25,43292.25399,326.75,14145743.9912325,7.5
2023-12-09,334.3,44206.95691,326.75,14444623.1703425,7.550000000000011
2023-12-10,334.07,43724.90149,326.75,14287111.5618575,7.319999999999993
2023-12-11,333.35,43773.89242,326.75,14303119.348234998,6.600000000000023
2023-12-12,333.48,41227.98598,326.75,13471244.418964999,6.730000000000018
2023-12-13,332.97,41475.25188,326.5,13541669.738820001,6.470000000000027
2023-12-14,332.9,42911.8601,326.4,14006431.13664,6.5
2023-12-15,332.99,43029.61034,326.85,14064228.139629,6.139999999999986
2023-12-16,333.4,41940.46943,326.85,13708242.4331955,6.5499999999999545
2023-12-17,333.0,42266.02667,326.85,13814650.8170895,6.149999999999977
2023-12-18,333.8,41416.72152,326.75,13532913.75666,7.050000000000011
2023-12-19,332.97,42640.12767,326.75,13932661.716172501,6.220000000000027
2023-12-20,333.78,42265.72223,326.75,13810324.7386525,7.029999999999973
2023-12-21,335.5,43636.94858,326.15,14232190.779366998,9.350000000000023
2023-12-22,334.75,43862.99561,325.3,14268632.471933,9.449999999999989
2023-12-23,335.49,43974.0962,325.3,14304773.49386,10.189999999999998
2023-12-24,335.29,43697.24187,325.3,14214712.780311,9.990000000000009
2023-12-25,334.8,42975.5183,326.086,14013714.860373802,8.713999999999999
2023-12-26,335.35,43587.89679,326.086,14213402.91266394,9.26400000000001
2023-12-27,334.29,42516.83844,323.75,13764826.44495,10.54000000000002
2023-12-28,334.17,43402.73521,323.8,14053805.660998,10.370000000000005
2023-12-29,333.85,42594.69952,323.8,13792163.704576,10.050000000000011
2023-12-30,333.75,42052.6347,323.8,13616643.115860002,9.949999999999989
2023-12-31,333.9,42166.01129,323.8,13653354.455702001,10.099999999999966
2024-01-01,335.14,42285.81009,322.75,13647745.2065475,12.389999999999986
2024-01-02,335.25,44177.63101,321.5,14203108.369715,13.75
2024-01-03,337.95,44951.52228,322.5,14496865.9353,15.449999999999989
2024-01-04,337.28,42842.78343,322.5,13816797.656175,14.779999999999973
2024-01-05,335.6,44151.37414,322.5,14238818.16015,13.100000000000023
2024-01-06,335.45,44146.93155,322.5,14237385.424875,12.949999999999989
2024-01-07,335.43,43968.70968,322.5,14179908.8718,12.930000000000007
2024-01-08,337.95,43927.10756,322.2,14153314.055831999,15.75
2024-01-09,337.7,46951.85864,322.4,15137279.225535998,15.300000000000011
2024-01-10,335.28,46110.35037,322.75,14882115.5819175,12.529999999999973
2024-01-11,335.45,46651.50714,322.5,15045111.05265,12.949999999999989
2024-01-12,335.28,46339.89314,322.0,14921445.59108,13.279999999999973
2024-01-13,333.5,42785.59413,322.0,13776961.309859999,11.5
2024-01-14,334.8,42846.51582,322.0,13796578.09404,12.800000000000011
2024-01-15,335.0,41735.24969,321.992,13438416.51818248,13.007999999999981
2024-01-16,334.88,42515.79718,321.4,13664577.213652,13.480000000000018
2024-01-17,335.8,43138.92565,320.8,13838967.34852,15.0
2024-01-18,337.0,42776.16681,320.5,13709761.462605001,16.5
2024-01-19,338.99,41327.27811,320.1,13228861.723011,18.889999999999986
2024-01-20,338.0,41658.91026,320.1,13335017.174225999,17.899999999999977
2024-01-21,333.0,41694.66824,320.1,13346463.303624,12.899999999999977
2024-01-22,337.67,41580.82842,319.8,13297548.928716,17.870000000000005
2024-01-23,339.0,39569.54314,319.7,12650382.941858,19.30000000000001
2024-01-24,339.98,39900.14042,318.0,12688244.653560001,21.980000000000018
2024-01-25,340.35,40086.53879,318.662,12774056.62389898,21.688000000000045
2024-01-26,337.3,39958.92077,317.5,12686957.344475,19.80000000000001
2024-01-27,337.49,41821.82792,317.5,13278430.3646,19.99000000000001
2024-01-28,336.76,42121.41353,317.5,13373548.795775,19.25999999999999
2024-01-29,336.14,42032.84737,317.6,13349632.324712003,18.539999999999964
2024-01-30,334.0,43302.09062,316.8,13718102.308416001,17.19999999999999
2024-01-31,332.0,42942.93639,315.7,13557085.018323,16.30000000000001
2024-02-01,329.74,42579.78993,313.2,13335990.206076,16.54000000000002
2024-02-02,327.06,43084.64079,311.5,13420865.606084999,15.560000000000002
2024-02-03,323.85,43199.43965,311.5,13456625.450975,12.350000000000023
2024-02-04,322.87,43012.60214,311.5,13398425.566610001,11.370000000000005
2024-02-05,322.99,42585.39951,312.4,13303678.806924,10.590000000000032
2024-02-06,327.8,42707.65775,313.5,13388850.704625,14.300000000000011
2024-02-07,326.29,43099.60603,312.75,13479401.785882501,13.54000000000002
2024-02-08,327.0,44349.25379,312.75,13870229.1228225,14.25
2024-02-09,327.73,45291.22681,312.6,14158037.500806002,15.129999999999995
2024-02-10,328.48,47132.11664,312.6,14733499.661664002,15.879999999999995
2024-02-11,327.55,47751.03176,312.6,14926972.528176,14.949999999999989
2024-02-12,326.4,48299.27415,313.25,15129747.6274875,13.149999999999977
2024-02-13,326.38,49921.64188,313.0,15625473.908440001,13.379999999999995
2024-02-14,326.0,49699.07033,313.1,15560778.920323001,12.899999999999977
2024-02-15,326.5,51797.42203,312.7,16197053.868781,13.800000000000011
2024-02-16,325.95,51880.63925,312.2,16197135.57385,13.75
2024-02-17,325.65,52125.05864,312.2,16273443.307408,13.449999999999989
2024-02-18,325.0,51645.54734,312.2,16123739.879547998,12.800000000000011
2024-02-19,325.7,52135.24665,312.1,16271410.479465002,13.599999999999966
2024-02-20,325.97,51775.87751,311.8,16143718.607618,14.170000000000016
2024-02-21,325.8,52262.34044,311.3,16269266.578972,14.5
2024-02-22,326.4,51849.47008,310.7,16109630.353856,15.699999999999989
2024-02-23,326.0,51292.19819,310.983,15951001.66972077,15.016999999999996
2024-02-24,325.39,50746.71104,310.983,15781364.43935232,14.406999999999982
2024-02-25,324.45,51566.83171,310.983,16036408.025670929,13.466999999999985
2024-02-26,325.4,51729.22334,310.7,16072269.691737998,14.699999999999989
2024-02-27,325.4,54475.91578,310.25,16901152.870745,15.149999999999977
2024-02-28,323.95,57040.5264,310.0,17682563.184,13.949999999999989
2024-02-29,323.05,62432.31911,309.5,19322802.764544997,13.550000000000011
2024-03-01,321.9,61136.55598,308.7,18872854.831026,13.199999999999989
2024-03-02,322.2,62385.32466,308.7,19258349.722542,13.5
2024-03-03,320.35,61991.24141,308.7,19136696.223267,11.650000000000034
2024-03-04,318.0,63114.56773,307.8,19426663.947294,10.199999999999989
2024-03-05,318.35,68250.69041,307.9,21014387.577238996,10.450000000000045
2024-03-06,319.11,63721.14861,307.6,19600625.312436,11.509999999999991
2024-03-07,316.9,66074.32079,307.25,20301335.0627275,9.649999999999977
2024-03-08,314.5,66825.61687,307.563,20553087.201387808,6.937000000000012
2024-03-09,313.99,68148.04916,307.563,20959818.443797078,6.427000000000021
2024-03-10,314.1,68320.99442,307.563,21013010.00679846,6.537000000000035
2024-03-11,313.95,68957.78797,306.9,21163145.127993,7.050000000000011
2024-03-12,313.9,72081.45929,306.4,22085759.126455996,7.5
2024-03-13,313.0,71454.62144,306.0,21865114.16064,7.0
2024-03-14,312.0,73079.56825,305.5,22325808.100375,6.5
2024-03-15,313.3,71391.92079,305.15,21785244.6290685,8.150000000000034
2024-03-16,312.5,69500.20847,305.15,21207988.6146205,7.350000000000023
2024-03-17,312.95,65304.03949,305.15,19927527.6503735,7.800000000000011
2024-03-18,312.0,68395.17474,304.4,20819491.190856,7.600000000000023
2024-03-19,314.0,67614.2182,303.85,20544580.20007,10.149999999999977
2024-03-20,312.5,61937.84284,304.05,18832201.115502,8.449999999999989
2024-03-21,312.0,67841.08073,303.85,20613512.3798105,8.149999999999977
2024-03-22,312.98,65502.96295,303.2,19860498.36644,9.78000000000003
2024-03-23,312.25,63798.79084,303.2,19343793.382688,9.050000000000011
2024-03-24,311.94,63991.5359,303.2,19402233.68488,8.740000000000009
2024-03-25,311.83,67209.11625,302.6,20337478.577250004,9.229999999999961
2024-03-26,311.0,69874.52969,301.8,21088133.060442,9.199999999999989
2024-03-27,310.49,69993.24515,300.8,21053968.14112,9.689999999999998
2024-03-28,309.15,69469.54283,300.3,20861703.711849004,8.849999999999966
2024-03-29,309.49,70785.91976,300.442,21267063.30453392,9.048000000000002
2024-03-30,306.75,69852.59788,300.442,20986654.212262962,6.307999999999993
2024-03-31,304.0,69586.42726,300.442,20906685.378848918,3.5579999999999927
2024-04-01,304.0,71283.35171,300.0,21385005.513,4.0
2024-04-02,309.0,69650.96866,299.85,20884842.952701002,9.149999999999977
2024-04-03,306.0,65463.00323,299.75,19622535.2181925,6.25
2024-04-04,306.0,65964.02292,299.65,19766119.467978,6.350000000000023
2024-04-05,307.0,68491.99898,299.2,20492806.094816,7.800000000000011
2024-04-06,307.5,67825.82285,299.2,20293486.196719997,8.300000000000011
2024-04-07,307.2,68895.47403,299.2,20613525.829776,8.0
2024-04-08,306.0,69356.93498,298.8,20723852.172024004,7.199999999999989
2024-04-09,305.0,71624.87613,298.55,21383606.768611502,6.449999999999989
2024-04-10,305.6,69148.70896,298.4,20633974.753663998,7.2000000000000455
2024-04-11,306.0,70631.70821,298.504,21083847.42751784,7.495999999999981
2024-04-12,317.59,70008.09861,298.362,20887756.31747682,19.227999999999952
2024-04-13,329.0,67116.41768,298.362,20024988.611840162,30.637999999999977
2024-04-14,329.0,63927.73326,298.362,19073606.350920122,30.637999999999977
2024-04-15,313.85,65663.05846,298.9,19626688.173694,14.950000000000045
2024-04-16,312.39,63418.65547,299.75,19009741.9771325,12.639999999999986
2024-04-17,311.25,63794.37511,301.0,19202106.90811,10.25
2024-04-18,315.4,61277.90258,301.0,18444648.67658,14.399999999999977
2024-04-19,314.95,63473.12872,301.0,19105411.74472,13.949999999999989
2024-04-20,316.65,63810.92083,301.0,19207087.169830002,15.649999999999977
2024-04-21,317.1,64889.6936,301.0,19531797.7736,16.100000000000023
2024-04-22,315.74,64944.1442,300.3,19502726.50326,15.439999999999998
2024-04-23,314.0,66799.40724,299.896,20032875.03364704,14.103999999999985
2024-04-24,313.8,66467.92217,297.75,19790823.8261175,16.05000000000001
2024-04-25,310.15,64227.831,296.8,19062820.2408,13.349999999999966
2024-04-26,308.44,64525.28513,295.9,19093031.869967,12.54000000000002
2024-04-27,309.2,63775.26418,295.9,18871100.670861997,13.300000000000011
2024-04-28,308.99,63484.53289,295.9,18785073.282151,13.090000000000032
2024-04-29,309.8,63009.51445,296.5,18682321.034425,13.300000000000011
2024-04-30,309.0,63824.95126,297.25,18971966.762035,11.75
2024-05-01,314.85,60674.72143,298.134,18089197.39881162,16.716000000000008
2024-05-02,310.0,58352.65208,296.9,17324902.402551997,13.100000000000023
2024-05-03,310.55,59065.80946,297.0,17542545.40962,13.550000000000011
2024-05-04,309.85,,297.0,,12.850000000000023
2024-05-05,309.0,63892.64655,297.0,18976116.02535,12.0
2024-05-06,309.2,64047.12724,298.0,19086043.91752,11.199999999999989
2024-05-07,308.0,63149.32485,299.4,18906907.86009,8.600000000000023
2024-05-08,309.77,62343.71016,298.4,18603363.111743998,11.370000000000005
2024-05-09,309.98,61181.95426,298.6,18268931.542036,11.379999999999995
2024-05-10,309.34,63088.47159,298.5,18831908.769615002,10.839999999999975
2024-05-11,310.0,60813.61892,298.5,18152865.24762,11.5
2024-05-12,306.0,60807.87915,298.5,18151151.926275,7.5
2024-05-13,309.0,61496.09369,300.0,18448828.107,9.0
2024-05-14,310.5,62921.46757,300.5,18907901.004785,10.0
2024-05-15,310.64,61584.64495,302.0,18598562.7749,8.639999999999986
2024-05-16,309.9,66212.04522,300.6,19903340.793132,9.299999999999955
2024-05-17,310.1,65238.14531,299.3,19525776.891283,10.800000000000011
2024-05-18,311.4,67031.19544,299.3,20062436.795192,12.099999999999966
2024-05-19,310.0,66920.74839,299.3,20029379.993127,10.699999999999989
2024-05-20,311.1,66270.21658,299.55,19851243.376539,11.550000000000011
2024-05-21,311.98,71433.26858,299.8,21415693.920284003,12.180000000000007
2024-05-22,312.0,70149.02684,299.9,21037693.149316,12.100000000000023
2024-05-23,312.0,69163.77209,300.113,20756947.13324617,11.887
2024-05-24,312.0,67971.81432,299.339,20346614.92673448,12.661000000000001
2024-05-25,312.19,68556.7196,299.339,20521699.8883444,12.850999999999999
2024-05-26,312.19,69291.82788,299.339,20741746.465771317,12.850999999999999
2024-05-27,310.9,68508.59824,300.4,20579982.911296,10.5
2024-05-28,311.4,69430.90347,301.7,20947303.576899,9.699999999999989
2024-05-29,312.4,68399.69974,301.4,20615669.501636,11.0
2024-05-30,312.85,67652.14856,301.85,20420801.042836003,11.0
2024-05-31,312.75,68317.91824,301.8,20618347.724832002,10.949999999999989
2024-06-01,312.74,67538.78543,301.8,20383205.442774,10.939999999999998
2024-06-02,311.9,67764.69495,301.8,20451384.93591,10.099999999999966
2024-06-03,311.0,67771.08794,301.8,20453314.340292,9.199999999999989
2024-06-04,310.0,68807.28169,302.05,20783239.434464503,7.949999999999989
2024-06-05,310.09,70545.5609,302.25,21322395.782025,7.839999999999975
2024-06-06,310.2,71094.69811,302.8,21527474.587708,7.399999999999977
2024-06-07,310.0,70798.61875,302.5,21416582.171875,7.5
2024-06-08,312.0,69354.66651,302.5,20979786.619275,9.5
2024-06-09,313.95,69309.18436,302.5,20966028.2689,11.449999999999989
2024-06-10,313.5,69646.0132,303.1,21109706.600920003,10.399999999999977
2024-06-11,313.94,69543.42915,303.2,21085567.71828,10.740000000000009
2024-06-12,313.6,67316.62584,303.7,20444059.267607998,9.900000000000034
2024-06-13,312.7,68265.16393,303.75,20735543.543737497,8.949999999999989
2024-06-14,313.6,66770.74984,303.8,20284953.801392,9.800000000000011
2024-06-15,313.3,66042.25695,303.8,20063637.66141,9.5
2024-06-16,312.89,66227.42905,303.8,20119892.94539,9.089999999999975
2024-06-17,312.37,66680.18233,303.718,20251971.61690294,8.651999999999987
2024-06-18,312.8,66504.76087,304.6,20257350.161002003,8.199999999999989
2024-06-19,312.75,65176.08495,304.9,19872188.301255,7.850000000000023
2024-06-20,312.75,64969.42906,305.1,19822172.806206003,7.649999999999977
2024-06-21,314.1,64870.7789,305.307,19805502.8936223,8.793000000000006
2024-06-22,313.2,64146.20533,305.307,19584285.510686312,7.892999999999972
2024-06-23,313.0,64261.49008,305.307,19619482.75185456,7.692999999999984
2024-06-24,313.0,63195.1812,305.0,19274530.266,8.0
2024-06-25,314.94,60304.8021,305.1,18398995.12071,9.839999999999975
2024-06-26,315.0,61800.58609,305.3,18867718.933277,9.699999999999989
2024-06-27,314.98,60851.56328,305.5,18590152.58204,9.480000000000018
2024-06-28,313.98,61704.67558,305.9,18875460.259921998,8.080000000000041
2024-06-29,314.99,60431.06905,305.9,18485864.022395,9.090000000000032
2024-06-30,314.44,60984.57368,305.9,18655181.088712,8.54000000000002
2024-07-01,313.5,62773.7801,305.0,19146002.9305,8.5
2024-07-02,312.5,62896.6364,302.5,19026232.511,10.0
2024-07-03,312.5,62132.21908,304.2,18900621.044136,8.300000000000011
2024-07-04,313.3,60209.06222,304.2,18315596.727323998,9.100000000000023
2024-07-05,317.05,57052.45501,304.5,17372472.550545,12.550000000000011
2024-07-06,315.35,56632.54716,304.5,17244610.61022,10.850000000000023
2024-07-07,315.2,58234.81459,304.5,17732501.042655002,10.699999999999989
2024-07-08,315.1,55859.14077,304.25,16995143.5792725,10.850000000000023
2024-07-09,312.99,56708.44779,303.9,17233697.283380996,9.090000000000032
2024-07-10,311.0,58045.37837,303.6,17622576.873132,7.399999999999977
2024-07-11,311.98,57726.3056,302.8,17479525.33568,9.180000000000007
2024-07-12,311.98,57333.39032,301.65,17294617.190027997,10.330000000000041
2024-07-13,310.5,57890.24067,301.65,17462591.098105498,8.850000000000023
2024-07-14,309.49,59214.39327,301.65,17862021.7298955,7.840000000000032
2024-07-15,308.93,60771.78201,302.3,18371309.701623,6.6299999999999955
2024-07-16,309.78,64724.89976,303.0,19611644.62728,6.779999999999973
2024-07-17,310.48,65039.40533,303.5,19739459.517655,6.980000000000018
2024-07-18,310.0,64088.31914,303.7,19463622.522818,6.300000000000011
2024-07-19,310.25,63988.22237,303.5,19420425.489295002,6.75
2024-07-20,310.18,66664.11229,303.5,20232558.080015,6.680000000000007
2024-07-21,310.25,67140.34531,303.5,20377094.801585,6.75
2024-07-22,310.44,68165.68703,303.75,20705327.4353625,6.689999999999998
2024-07-23,310.0,67534.42358,303.5,20496697.556530003,6.5
2024-07-24,311.0,65936.36375,303.4,20005092.76175,7.600000000000023
2024-07-25,311.6,65375.90709,303.2,19821975.029688,8.400000000000034
2024-07-26,312.6,65803.47399,302.9,19931872.271571,9.700000000000045
2024-07-27,312.9,67910.64642,302.9,20570134.800618,10.0
2024-07-28,313.25,67901.90415,302.9,20567486.767035,10.350000000000023
2024-07-29,310.0,68245.24498,302.6,20651011.130948003,7.399999999999977
2024-07-30,311.5,66783.05462,302.4,20195195.717087995,9.100000000000023
2024-07-31,312.0,66193.72361,302.25,20007052.9611225,9.75
2024-08-01,312.0,64631.22942,302.2,19531557.530724,9.800000000000011
2024-08-02,311.99,65360.80585,301.8,19725891.20553,10.189999999999998
2024-08-03,310.5,61492.34597,301.8,18558390.013746,8.699999999999989
2024-08-04,311.5,60683.7821,301.8,18314365.43778,9.699999999999989
2024-08-05,315.5,58153.2433,302.3,17579725.44959,13.199999999999989
2024-08-06,314.5,53982.33386,302.0,16302664.82572,12.5
2024-08-07,311.0,56051.28105,301.5,16899461.236575,9.5
2024-08-08,311.5,55137.64136,300.8,16585402.521088,10.699999999999989
2024-08-09,311.25,61682.87544,299.95,18501778.488228,11.300000000000011
2024-08-10,311.25,60828.82864,299.95,18245607.150568,11.300000000000011
2024-08-11,311.25,60923.0741,299.95,18273876.076295,11.300000000000011
2024-08-12,310.25,58707.07768,299.4,17576899.057392,10.850000000000023
2024-08-13,310.0,59348.54688,299.05,17748182.944464,10.949999999999989
2024-08-14,310.0,60585.72941,299.1,18121191.666531,10.899999999999977
2024-08-15,310.0,58685.67791,298.9,17541149.127299,11.100000000000023
2024-08-16,309.5,57547.62346,298.7,17189475.127502,10.800000000000011
2024-08-17,309.0,58874.85123,298.7,17585918.062401,10.300000000000011
2024-08-18,309.0,59495.26175,298.7,17771234.684724998,10.300000000000011
2024-08-19,309.0,58430.59881,298.818,17460114.67520658,10.182000000000016
2024-08-20,309.0,59441.24034,299.4,17796707.357796,9.600000000000023
2024-08-21,308.5,59011.11421,300.25,17718087.0415525,8.25
2024-08-22,309.0,61153.99404,301.0,18407352.20604,8.0
2024-08-23,308.5,60376.88247,299.7,18094951.676259,8.800000000000011
2024-08-24,308.5,64041.81224,299.7,19193331.128328,8.800000000000011
2024-08-25,308.5,64153.62028,299.7,19226839.997916,8.800000000000011
2024-08-26,308.5,64221.11136,300.7,19311288.185952,7.800000000000011
2024-08-27,308.5,62833.50029,300.3,18868900.137087002,8.199999999999989
2024-08-28,308.5,59438.63178,300.5,17861308.84989,8.0
2024-08-29,308.5,59011.51401,300.0,17703454.202999998,8.5
2024-08-30,308.5,59359.92446,299.0,17748617.413540002,9.5
2024-08-31,308.5,59126.70011,299.0,17678883.33289,9.5
2024-09-01,308.5,58226.47038,299.0,17409714.64362,9.5
2024-09-02,308.1,57308.31987,298.9,17129456.809143,9.200000000000045
2024-09-03,308.0,59136.95326,299.0,17681949.02474,9.0
2024-09-04,307.25,57483.64064,298.85,17178986.005264,8.399999999999977
2024-09-05,307.19,58000.22473,298.75,17327567.1380875,8.439999999999998
2024-09-06,307.2,56178.74789,298.9,16791827.744321,8.300000000000011
2024-09-07,307.0,53967.22904,298.9,16130804.760055998,8.100000000000023
2024-09-08,307.5,54161.1045,298.9,16188754.135049999,8.600000000000023
2024-09-09,307.5,54860.34275,300.8,16501991.099200001,6.699999999999989
2024-09-10,307.19,57038.16579,300.5,17139968.819895,6.689999999999998
2024-09-11,307.5,57639.55257,300.8,17337977.413056,6.699999999999989
2024-09-12,307.5,57323.5915,301.3,17271598.118950002,6.199999999999989
2024-09-13,308.5,58133.51019,301.5,17527253.322285,7.0
2024-09-14,308.5,60495.12256,301.5,18239279.451840002,7.0
2024-09-15,308.5,59993.5709,301.5,18088061.62635,7.0
2024-09-16,308.5,59128.13428,302.163,17866334.43844764,6.336999999999989
2024-09-17,309.0,58213.14727,302.504,17609709.90176408,6.495999999999981
2024-09-18,309.0,60312.65903,303.2,18286798.217896,5.800000000000011
2024-09-19,312.0,61765.3565,304.2,18789021.4473,7.800000000000011
2024-09-20,312.0,62948.71685,305.0,19199358.63925,7.0
2024-09-21,312.0,63200.29259,305.0,19276089.239949998,7.0
2024-09-22,312.0,63343.11723,305.0,19319650.75515,7.0
2024-09-23,312.0,63580.77638,304.1,19334914.097158004,7.899999999999977
2024-09-24,312.25,63333.36452,303.0,19190009.44956,9.25
2024-09-25,312.25,64271.38391,300.5,19313550.864955,11.75
2024-09-26,312.25,63154.28029,299.7,18927337.802913,12.550000000000011
2024-09-27,310.8,65174.25002,298.7,19467548.480974,12.100000000000023
2024-09-28,308.5,65769.72194,298.7,19645415.943478,9.800000000000011
2024-09-29,306.9,65860.19081,298.7,19672438.994946998,8.199999999999989
2024-09-30,306.0,65600.95331,296.0,19417882.179759998,10.0
2024-10-01,302.0,63321.30784,294.75,18663955.48584,7.25
2024-10-02,300.74,60829.60587,295.0,17944733.73165,5.740000000000009
2024-10-03,302.4,60651.38002,293.8,17819375.449876,8.599999999999966
2024-10-04,302.2,60753.09007,293.8,17849257.862566,8.399999999999977
2024-10-05,300.39,62088.68927,293.8,18241656.907526,6.589999999999975
2024-10-06,299.55,62057.76699,293.8,18232571.941662,5.75
2024-10-07,299.0,62822.10804,293.2,18419442.077328,5.800000000000011
2024-10-08,299.0,62248.82953,293.0,18238907.05229,6.0
2024-10-09,297.0,62158.58572,292.9,18206249.757388,4.100000000000023
2024-10-10,297.0,60637.32916,292.7,17748546.245132,4.300000000000011
2024-10-11,297.0,60329.11303,292.7,17658331.383881,4.300000000000011
2024-10-12,301.0,62522.03849,292.7,18300200.666022997,8.300000000000011
2024-10-13,301.0,63204.92907,292.7,18500082.738789,8.300000000000011
2024-10-14,301.0,62869.37907,293.1,18427015.005417,7.899999999999977
2024-10-15,301.9,66086.42231,293.0,19363321.73683,8.899999999999977
2024-10-16,301.9,67072.31818,292.8,19638774.763104003,9.099999999999966
2024-10-17,301.25,67730.32531,292.8,19831439.250768002,8.449999999999989
2024-10-18,302.5,67100.54659,292.9,19653750.096210998,9.600000000000023
2024-10-19,302.5,68429.78507,292.9,20043084.047002997,9.600000000000023
2024-10-20,302.5,68376.58282,292.9,20027501.107977998,9.600000000000023
2024-10-21,302.5,69034.08552,293.0,20226987.057359997,9.5
2024-10-22,302.5,67378.94486,293.1,19748768.738466002,9.399999999999977
2024-10-23,302.5,67425.76956,293.3,19775978.211948,9.199999999999989
2024-10-24,302.5,66671.88056,293.55,19571530.538388003,8.949999999999989
2024-10-25,302.5,68200.00392,293.4,20009881.150128,9.100000000000023
2024-10-26,304.0,66700.11666,293.4,19569814.228044,10.600000000000023
2024-10-27,304.0,67096.34685,293.4,19686068.16579,10.600000000000023
2024-10-28,304.0,68024.17003,293.55,19968495.112306498,10.449999999999989
2024-10-29,304.0,69986.71066,293.6,20548098.249776002,10.399999999999977
2024-10-30,304.0,72737.09742,292.9,21304695.834318,11.100000000000023
2024-10-31,304.0,72348.03614,292.9,21190739.785405997,11.100000000000023
2024-11-01,304.0,70299.13068,292.9,20590615.376172,11.100000000000023
2024-11-02,303.5,69520.88143,292.9,20362666.170846995,10.600000000000023
2024-11-03,303.5,69369.39349,292.9,20318295.353221,10.600000000000023
2024-11-04,303.5,68771.51692,293.1,20156931.609252,10.399999999999977
2024-11-05,303.5,67849.98749,293.0,19880046.334569998,10.5
2024-11-06,303.5,69368.53627,292.75,20307638.9930425,10.75
2024-11-07,303.5,75575.6979,292.55,22109670.420645002,10.949999999999989
2024-11-08,303.5,75878.33691,292.5,22194413.546175,11.0
2024-11-09,303.5,76513.46753,292.5,22380189.252524998,11.0
2024-11-10,303.5,76680.09402,292.5,22428927.50085,11.0
2024-11-11,303.5,80364.43776,292.55,23510616.266688,10.949999999999989
2024-11-12,303.5,88649.44281,292.35,25916664.6055035,11.149999999999977
2024-11-13,303.5,87956.55445,292.2,25700905.210289996,11.300000000000011
2024-11-14,303.5,90380.25595,292.1,26400072.762995005,11.399999999999977
2024-11-15,303.5,87283.50843,292.1,25495512.812403,11.399999999999977
2024-11-16,303.5,91033.14051,292.1,26590780.342971,11.399999999999977
2024-11-17,303.5,90576.88145,292.1,26457507.071545,11.399999999999977
2024-11-18,303.5,89855.39012,291.3,26174875.141956,12.199999999999989
2024-11-19,303.5,90463.35938,290.9,26315791.243641995,12.600000000000023
2024-11-20,303.5,92303.67444,290.9,26851138.894596,12.600000000000023
2024-11-21,303.5,94296.7256,290.9,27430917.47704,12.600000000000023
2024-11-22,303.5,98350.70295,291.0,28620054.558450002,12.5
2024-11-23,303.5,98904.9758,291.0,28781347.9578,12.5
2024-11-24,303.5,97673.7618,291.0,28423064.683799997,12.5
2024-11-25,303.5,97907.76944,290.9,28481370.130096,12.600000000000023
2024-11-26,303.5,93015.2621,291.1,27076742.797310006,12.399999999999977
2024-11-27,303.0,91965.25373,290.9,26752692.310056996,12.100000000000023
2024-11-28,302.9,95863.98961,290.65,27862868.5801465,12.25
2024-11-29,302.7,95647.20513,290.6,27795077.810778003,12.099999999999966
2024-11-30,302.6,97466.3953,290.6,28323734.47418,12.0
2024-12-01,302.0,96390.41045,290.6,28011053.27677,11.399999999999977
2024-12-02,301.0,97190.6915,290.6,28243614.9499,10.399999999999977
2024-12-03,300.2,95835.48205,290.45,27835415.7614225,9.75
2024-12-04,300.8,95856.57415,290.35,27831956.3044525,10.449999999999989
2024-12-05,299.99,98611.21606,290.25,28621905.461415,9.740000000000009
2024-12-06,299.85,,290.25,,9.600000000000023
2024-12-07,299.5,99496.28554,290.25,28878796.877985,9.25
2024-12-08,299.9,99834.73441,290.25,28977031.6625025,9.649999999999977
2024-12-09,300.5,101113.293,290.3,29353188.957900003,10.199999999999989
2024-12-10,300.95,97323.83194,290.2,28243376.028988,10.75
2024-12-11,300.85,96596.02554,290.15,28027336.810431,10.700000000000045
2024-12-12,299.25,101129.2022,290.15,29342638.018329997,9.100000000000023
2024-12-13,300.19,100083.7591,290.15,29039302.702864997,10.04000000000002
2024-12-14,301.5,101418.485,290.15,29426573.422749996,11.350000000000023
2024-12-15,299.7,101419.7157,290.15,29426930.510355,9.550000000000011
2024-12-16,300.45,104444.0576,290.7,30361887.54432,9.75
2024-12-17,300.3,106066.0662,291.0,30865225.264200002,9.300000000000011
2024-12-18,301.5,106079.6113,291.3,30900990.771690004,10.199999999999989
2024-12-19,303.5,100168.0615,292.8,29329208.4072,10.699999999999989
2024-12-20,303.5,97465.67069,293.5,28606174.347515,10.0
2024-12-21,303.5,97808.7094,293.5,28706856.2089,10.0
2024-12-22,303.5,,293.5,,10.0
2024-12-23,303.5,,296.0,,7.5
2024-12-24,303.5,,294.5,,9.0
2024-12-25,303.5,,294.5,,9.0
2024-12-26,303.5,,293.9,,9.600000000000023
2024-12-27,303.5,,292.0,,11.5
2024-12-28,303.5,94730.79029,292.0,27661390.764680002,11.5
2024-12-29,303.5,95301.21724,292.0,27827955.43408,11.5
2024-12-30,303.5,93732.89393,292.35,27402811.540435504,11.149999999999977
2024-12-31,303.5,92799.2525,293.0,27190180.9825,10.5
2025-01-01,303.5,93561.37276,292.8,27394769.944128,10.699999999999989
2025-01-02,303.5,94575.88816,293.1,27720192.819696,10.399999999999977
2025-01-03,303.5,96988.38911,293.5,28466092.203785002,10.0
2025-01-04,303.5,98172.46431,293.5,28813618.274985,10.0
2025-01-05,303.5,98220.0355,293.5,28827580.41925,10.0
2025-01-06,303.5,98336.22774,295.5,29058355.297170002,8.0
2025-01-07,303.5,102236.7169,295.25,30185390.664725,8.25
2025-01-08,303.5,96957.35298,295.8,28679985.011484,7.699999999999989
2025-01-09,303.5,95017.28607,294.5,27982590.747615002,9.0
2025-01-10,303.5,92550.29703,294.4,27246807.445632,9.100000000000023
2025-01-11,303.5,94724.5175,294.4,27886897.952,9.100000000000023
2025-01-12,303.5,,294.4,,9.100000000000023
2025-01-13,303.5,,294.4,,9.100000000000023
2025-01-14,303.5,,294.4,,9.100000000000023
2025-01-15,303.5,,295.5,,8.0
2025-01-16,303.5,,296.2,,7.300000000000011
2025-01-17,303.5,,296.3,,7.199999999999989
2025-01-18,303.5,,296.3,,7.199999999999989
2025-01-19,303.5,,296.3,,7.199999999999989
2025-01-20,303.5,,296.7,,6.800000000000011
2025-01-21,303.5,,297.4,,6.100000000000023
2025-01-22,303.5,,298.5,,5.0
2025-01-23,303.5,,298.5,,5.0
2025-01-24,303.5,,298.1,,5.399999999999977
2025-01-25,303.5,,298.1,,5.399999999999977
2025-01-26,303.5,,298.1,,5.399999999999977
2025-01-27,303.5,,298.4,,5.100000000000023
2025-01-28,305.22,,296.8,,8.420000000000016
2025-01-29,306.0,,296.4,,9.600000000000023
2025-01-30,305.79,,297.4,,8.390000000000043
2025-01-31,305.97,,297.8,,8.170000000000016
2025-02-01,305.95,,297.8,,8.149999999999977
2025-02-02,308.4,,297.8,,10.599999999999966
2025-02-03,312.25,,299.4,,12.850000000000023
2025-02-04,312.25,,299.4,,12.850000000000023
2025-02-05,309.5,,298.4,,11.100000000000023
2025-02-06,309.8,,298.1,,11.699999999999989
2025-02-07,310.0,,297.1,,12.899999999999977
2025-02-08,309.0,,297.1,,11.899999999999977
2025-02-09,307.78,,297.1,,10.67999999999995
2025-02-10,307.6,,296.7,,10.900000000000034
2025-02-11,308.0,,296.8,,11.199999999999989
2025-02-12,307.0,,296.8,,10.199999999999989
2025-02-13,306.99,,295.7,,11.29000000000002
